claim_id,module,audience,question,claim,patient_answer,technician_detail,evidence_strength,source_pmids,source_labels,clinical_action,caveat,status
MEC-001,Mechanisms,patient_and_technician,What does the magnetic pulse do?,"A TMS coil carries a brief current pulse that creates a changing magnetic field, which induces an electric field in nearby brain tissue.",The coil does not put electricity directly through the scalp. It uses a magnetic pulse to induce tiny electrical currents in the targeted brain area.,"Dose at cortex depends on coil type, location, orientation, intensity, scalp-to-cortex distance, and anatomy.",strong,33243615; 19833552,"33243615: Safety and recommendations for TMS use in healthy subjects and patient populations, with updates on training, ethical and regulatory issues: Expert Guidelines. | 19833552: Safety, ethical considerations, and application guidelines for the use of transcranial magnetic stimulation in clinical practice and research.",Use this wording to explain basic mechanism without implying direct electrical injection.,"This is a physical mechanism claim, not a guarantee of clinical response.",ready_for_training_draft_after_full_text_QA
MEC-002,Mechanisms,patient_and_technician,Why are treatments repeated over many sessions?,"Repeated TMS sessions are intended to produce cumulative changes in cortical excitability and network function, not just a transient sensation during the session.","The benefit is usually expected to build over repeated sessions, much like practicing a pattern with the brain rather than flipping an instant switch.",Avoid promising same-day improvement; treatment effects can emerge gradually and vary across protocols and patients.,strong,31901449; 28541649; 27090022,31901449: Evidence-based guidelines on the therapeutic use of repetitive transcranial magnetic stimulation (rTMS): An update (2014-2018). | 28541649: Consensus Recommendations for the Clinical Application of Repetitive Transcranial Magnetic Stimulation (rTMS) in the Treatment of Depression. | 27090022: The Clinical TMS Society Consensus Review and Treatment Recommendations for TMS Therapy for Major Depressive Disorder.,Frame adherence as part of cumulative dosing.,"Individual response timing varies and depends on diagnosis, protocol, and patient factors.",ready_for_training_draft_after_full_text_QA
MEC-003,Mechanisms,technician,What is theta burst stimulation?,Theta burst stimulation uses patterned bursts of pulses designed to produce lasting excitability changes with shorter stimulation times than many conventional rTMS protocols.,Theta burst is a shorter patterned form of TMS. The pattern is chosen because it can affect brain excitability efficiently.,"Classic motor-cortex studies found iTBS and cTBS can shift excitability in different directions, but individual responses are variable.",moderate,15664172; 18566003; 21221011,15664172: Theta burst stimulation of the human motor cortex. | 18566003: The physiological basis of the effects of intermittent theta burst stimulation of the human motor cortex. | 21221011: Safety of theta burst transcranial magnetic stimulation: a systematic review of the literature.,"Teach iTBS/cTBS as protocol-specific patterns, not interchangeable abbreviations.",Motor-cortex physiology does not translate perfectly to every psychiatric target.,ready_for_training_draft_after_full_text_QA
MEC-004,Mechanisms,patient_and_technician,Why target the DLPFC in depression?,"Depression protocols commonly target prefrontal regions, especially left DLPFC, because these regions participate in mood-relevant cognitive-control and limbic networks.","For depression, TMS usually targets a frontal brain network involved in mood regulation, attention, and emotional control.",Do not describe DLPFC as a single depression switch. It is a network target with protocol- and localization-dependent effects.,strong,28541649; 27090022; 17573044; 31901449,28541649: Consensus Recommendations for the Clinical Application of Repetitive Transcranial Magnetic Stimulation (rTMS) in the Treatment of Depression. | 27090022: The Clinical TMS Society Consensus Review and Treatment Recommendations for TMS Therapy for Major Depressive Disorder. | 17573044: Efficacy and safety of transcranial magnetic stimulation in the acute treatment of major depression: a multisite randomized controlled trial. | 31901449: Evidence-based guidelines on the therapeutic use of repetitive transcranial magnetic stimulation (rTMS): An update (2014-2018).,Use network language in patient education.,"Exact target selection varies by clinic, device, diagnosis, and protocol.",ready_for_training_draft_after_full_text_QA
MEC-005,Mechanisms,patient_and_technician,Is motor threshold a depression measure?,"Resting motor threshold is a calibration measure of motor-cortex excitability used to scale stimulation intensity, not a measure of mood severity.",The thumb or hand twitch test helps set a personalized treatment dose. It is not a test of how depressed you are.,RMT should be documented as a dosing calibration variable with method and muscle/site details.,strong,33243615; 41949547; 42082007,"33243615: Safety and recommendations for TMS use in healthy subjects and patient populations, with updates on training, ethical and regulatory issues: Expert Guidelines. | 41949547: Comparison of 4 Methods to Estimate the Resting Motor Threshold Using Transcranial Magnetic Stimulation: Rossini-Rothwell, 2-Threshold, Adaptive Threshold Hunting, and Stimulus-Response Curve Approaches. | 42082007: 'RMT-Finder': An automated procedure to determine the Resting Motor Threshold for Transcranial Magnetic Stimulation.",Correct patient misconceptions during mapping.,"Some research links excitability metrics to physiology, but clinical dosing use is the main technician-facing point.",ready_for_training_draft_after_full_text_QA
MEC-006,Mechanisms,technician,Why is brain state consistency emphasized?,"TMS effects are state-dependent: sleep, caffeine, medications, cortical excitability, attention, and time of day can alter neurophysiological responses.",Keeping your usual routine steady helps the clinic stimulate under similar conditions each day.,"Record meaningful state changes and notify the prescriber when changes could affect safety, tolerability, or dosing.",moderate,37738899; 39756660; 41346487; 36911138; 34872405,37738899: Influence of time of day on resting motor threshold in clinical TMS practice. | 39756660: Cortical excitability on sleep deprivation measured by transcranial magnetic stimulation: A systematic review and meta-analysis. | 41346487: Chronic caffeine consumption on clinical TMS outcomes: A naturalistic retrospective analysis. | 36911138: Chronic caffeine consumption curbs rTMS-induced plasticity. | 34872405: Habitual caffeine consumption moderates the antidepressant effect of dorsomedial intermittent theta-burst transcranial magnetic stimulation.,Ask about major changes before sessions and document them.,Evidence is stronger for neurophysiologic variability than for simple rules that guarantee better clinical response.,ready_for_training_draft_after_full_text_QA
MEC-007,Mechanisms,patient_and_technician,Can behavior make TMS work better?,"Consistent sleep, caffeine, medications, and substance use can reduce avoidable variability, but evidence does not support promising that any single behavior will make TMS work.","The best practical advice is consistency: keep your normal caffeine, sleep, and medication routine unless your clinician changes it.","Avoid coaching patients to increase caffeine, skip medicines, or change sleep to chase a stronger effect.",moderate,33243615; 39756660; 41346487; 36911138; 34872405,"33243615: Safety and recommendations for TMS use in healthy subjects and patient populations, with updates on training, ethical and regulatory issues: Expert Guidelines. | 39756660: Cortical excitability on sleep deprivation measured by transcranial magnetic stimulation: A systematic review and meta-analysis. | 41346487: Chronic caffeine consumption on clinical TMS outcomes: A naturalistic retrospective analysis. | 36911138: Chronic caffeine consumption curbs rTMS-induced plasticity. | 34872405: Habitual caffeine consumption moderates the antidepressant effect of dorsomedial intermittent theta-burst transcranial magnetic stimulation.",Use consistency language rather than optimization claims.,Patient-specific medical advice belongs to the treating clinician.,ready_for_training_draft_after_full_text_QA
MEC-008,Mechanisms,technician,How should we discuss biomarkers?,"EEG, qEEG, fNIRS, and TMS-EEG biomarkers are promising but should be presented as emerging tools unless locally validated for a defined clinical decision.","Some clinics and studies measure brain signals around TMS, but these tests do not yet provide a guaranteed prediction for every patient.","Label biomarker workflows as research, exploratory, or validated according to the clinic's actual protocol and evidence.",moderate,41483580; 42066923; 42055012,41483580: EEG biomarkers for a precision-medicine approach to noninvasive brain stimulation for major depressive disorder. | 42066923: Exploratory decoding of TMS-EEG: Predicting TEP response to intermittent and continuous theta burst stimulation. | 42055012: Effective correction of extreme capacitive artifacts in TMS-EEG via windowed detrending.,Prevent overinterpretation of qEEG/fNIRS readouts.,Specific devices or algorithms may have local validation not captured by broad PubMed screening.,ready_for_training_draft_after_full_text_QA
SAF-001,Safety and Side Effects,patient_and_technician,What side effects are common?,"The common side effects of TMS are usually local and transient, especially scalp discomfort, headache, facial muscle twitching, and fatigue.",The most common issues are temporary scalp discomfort or headache. Tell staff if it becomes intense or different from usual.,"Track side effect type, intensity, timing, protocol changes, and whether intervention was needed.",strong,33243615; 19833552; 28541649; 27090022,"33243615: Safety and recommendations for TMS use in healthy subjects and patient populations, with updates on training, ethical and regulatory issues: Expert Guidelines. | 19833552: Safety, ethical considerations, and application guidelines for the use of transcranial magnetic stimulation in clinical practice and research. | 28541649: Consensus Recommendations for the Clinical Application of Repetitive Transcranial Magnetic Stimulation (rTMS) in the Treatment of Depression. | 27090022: The Clinical TMS Society Consensus Review and Treatment Recommendations for TMS Therapy for Major Depressive Disorder.",Normalize expected sensations while keeping adverse-event reporting active.,"Side effect profile varies by protocol, coil, target, intensity, and patient history.",ready_for_training_draft_after_full_text_QA
SAF-002,Safety and Side Effects,patient_and_technician,How rare are seizures?,"TMS-associated seizure is rare when modern safety guidelines and screening are followed, but it is the key serious acute risk technicians must be prepared for.","Seizures are rare, but the clinic screens carefully because safety matters.","Know the clinic seizure-response procedure, stop stimulation immediately, protect the patient, and summon medical help.",strong,33243615; 19833552; 34133991; 9474057,"33243615: Safety and recommendations for TMS use in healthy subjects and patient populations, with updates on training, ethical and regulatory issues: Expert Guidelines. | 19833552: Safety, ethical considerations, and application guidelines for the use of transcranial magnetic stimulation in clinical practice and research. | 34133991: Seizure risk with repetitive TMS: Survey results from over a half-million treatment sessions. | 9474057: Risk and safety of repetitive transcranial magnetic stimulation: report and suggested guidelines from the International Workshop on the Safety of Repetitive Transcranial Magnetic Stimulation, June 5-7, 1996.",Use screening and emergency readiness as core competencies.,"Risk is not zero and can change with sleep loss, medications, substances, neurological illness, and protocol parameters.",ready_for_training_draft_after_full_text_QA
SAF-003,Safety and Side Effects,patient_and_technician,Why use ear protection?,"Ear protection is recommended because the coil click can be loud, even though permanent hearing injury is not expected when appropriate precautions are used.",The earplugs are for the loud clicking sound from the coil.,Confirm hearing protection before each session and document exceptions according to policy.,strong,33243615; 19833552; 1549231,"33243615: Safety and recommendations for TMS use in healthy subjects and patient populations, with updates on training, ethical and regulatory issues: Expert Guidelines. | 19833552: Safety, ethical considerations, and application guidelines for the use of transcranial magnetic stimulation in clinical practice and research. | 1549231: No evidence of hearing loss in humans due to transcranial magnetic stimulation.",Make ear protection a non-negotiable setup step.,Patients with hearing devices or auditory sensitivity may need clinician-specific handling.,ready_for_training_draft_after_full_text_QA
SAF-004,Safety and Side Effects,technician,What must be screened before treatment?,"TMS screening should cover seizure history, neurological illness, implanted or ferromagnetic material, electronic devices, pregnancy status where relevant, medication/substance changes, and prior adverse reactions.",The safety questions check for rare situations where magnetic stimulation may need special review.,Use the clinic's formal checklist and escalate changes rather than making independent clearance decisions.,strong,33243615; 19833552; 11332408,"33243615: Safety and recommendations for TMS use in healthy subjects and patient populations, with updates on training, ethical and regulatory issues: Expert Guidelines. | 19833552: Safety, ethical considerations, and application guidelines for the use of transcranial magnetic stimulation in clinical practice and research. | 11332408: A safety screening questionnaire for transcranial magnetic stimulation.",Run an update screen at baseline and before sessions as local policy requires.,Final eligibility decisions are clinician responsibilities.,ready_for_training_draft_after_full_text_QA
SAF-005,Safety and Side Effects,technician,What symptoms require escalation?,"Seizure, loss of consciousness, syncope, chest pain, new neurological symptoms, severe unusual headache, mania/hypomania symptoms, or persistent confusion require immediate escalation.","Tell staff right away if anything feels severe, unusual, or not like your normal treatment sensation.",Stop stimulation and follow emergency or prescriber-notification policy; document objective observations.,strong,33243615; 19833552; 28541649,"33243615: Safety and recommendations for TMS use in healthy subjects and patient populations, with updates on training, ethical and regulatory issues: Expert Guidelines. | 19833552: Safety, ethical considerations, and application guidelines for the use of transcranial magnetic stimulation in clinical practice and research. | 28541649: Consensus Recommendations for the Clinical Application of Repetitive Transcranial Magnetic Stimulation (rTMS) in the Treatment of Depression.",Build escalation triggers into technician training.,Clinics should adapt wording to local medical protocols.,ready_for_training_draft_after_full_text_QA
SAF-006,Safety and Side Effects,technician,Are theta burst protocols safe?,"Theta burst stimulation has a safety literature, but safety depends on protocol parameters, patient selection, and adherence to updated guidelines.",Shorter protocols still follow safety rules. Shorter does not mean casual.,"Verify exact iTBS/cTBS protocol, intensity, train structure, pulse count, and contraindication screening.",moderate,21221011; 33243615; 29726344,"21221011: Safety of theta burst transcranial magnetic stimulation: a systematic review of the literature. | 33243615: Safety and recommendations for TMS use in healthy subjects and patient populations, with updates on training, ethical and regulatory issues: Expert Guidelines. | 29726344: Effectiveness of theta burst versus high-frequency repetitive transcranial magnetic stimulation in patients with depression (THREE-D): a randomised non-inferiority trial.","Treat TBS setup as protocol-specific, not as a generic shorter rTMS.",Older safety reviews predate some accelerated protocols.,ready_for_training_draft_after_full_text_QA
SAF-007,Safety and Side Effects,technician,How should medication changes be handled?,"Medication changes can affect seizure threshold, cortical excitability, tolerability, and possibly clinical response, so technicians should document changes and alert the treating clinician.",Take medications as prescribed and tell us about changes. Do not stop or change medicines for TMS unless your clinician tells you to.,"Pay special attention to benzodiazepines, anticonvulsants, stimulants, substances, and medications known to affect seizure threshold.",strong,33243615; 19833552; 38299320; 31368628,"33243615: Safety and recommendations for TMS use in healthy subjects and patient populations, with updates on training, ethical and regulatory issues: Expert Guidelines. | 19833552: Safety, ethical considerations, and application guidelines for the use of transcranial magnetic stimulation in clinical practice and research. | 38299320: Do benzodiazepines reduce the efficacy of transcranial magnetic stimulation? | 31368628: Therapeutic High-Frequency Repetitive Transcranial Magnetic Stimulation Concurrently Improves Mood and Anxiety in Patients Using Benzodiazepines.",Create a medication-change escalation rule.,Evidence on benzodiazepines and efficacy is mixed; safety review is separate from efficacy speculation.,ready_for_training_draft_after_full_text_QA
SAF-008,Safety and Side Effects,patient_and_technician,Can TMS trigger mania?,"Mood switching or mania/hypomania is uncommon but clinically important, especially in bipolar-spectrum illness or when symptoms change rapidly.","Report unusually elevated mood, decreased need for sleep, impulsivity, agitation, or feeling unlike yourself.",Escalate suspected manic or mixed symptoms to the treating clinician before continuing treatment.,moderate,33243615; 28541649; 31901449,"33243615: Safety and recommendations for TMS use in healthy subjects and patient populations, with updates on training, ethical and regulatory issues: Expert Guidelines. | 28541649: Consensus Recommendations for the Clinical Application of Repetitive Transcranial Magnetic Stimulation (rTMS) in the Treatment of Depression. | 31901449: Evidence-based guidelines on the therapeutic use of repetitive transcranial magnetic stimulation (rTMS): An update (2014-2018).",Include mania symptom prompts in safety training.,Risk assessment is diagnosis- and medication-dependent.,ready_for_training_draft_after_full_text_QA
FAQ-001,Patient FAQ,patient,Why does it feel like tapping?,"The tapping sensation is usually from magnetic pulses activating scalp nerves and muscles near the coil, not from tissue damage.",The tapping or pulsing feeling is expected. It comes from the pulse and nearby scalp muscles/nerves reacting.,"Differentiate expected tapping from sharp, escalating, or unusual pain.",strong,33243615; 19833552,"33243615: Safety and recommendations for TMS use in healthy subjects and patient populations, with updates on training, ethical and regulatory issues: Expert Guidelines. | 19833552: Safety, ethical considerations, and application guidelines for the use of transcranial magnetic stimulation in clinical practice and research.",Use during first-session coaching.,Painful or unusual sensations still need assessment.,ready_for_training_draft_after_full_text_QA
FAQ-002,Patient FAQ,patient,Should I keep caffeine the same?,"Caffeine can affect cortical excitability and may moderate TMS-related plasticity or outcomes, so consistency is more defensible than increasing or stopping caffeine abruptly.",Try to have about your usual amount of caffeine each treatment day unless your clinician advises otherwise.,"Document major caffeine changes, especially around motor threshold changes, discomfort, anxiety, or sleep disruption.",moderate,41346487; 36911138; 34872405,41346487: Chronic caffeine consumption on clinical TMS outcomes: A naturalistic retrospective analysis. | 36911138: Chronic caffeine consumption curbs rTMS-induced plasticity. | 34872405: Habitual caffeine consumption moderates the antidepressant effect of dorsomedial intermittent theta-burst transcranial magnetic stimulation.,"Teach consistency, not caffeine optimization.",Evidence is still emerging and does not define a universal caffeine dose.,ready_for_training_draft_after_full_text_QA
FAQ-003,Patient FAQ,patient,Does sleep matter?,"Sleep deprivation can change cortical excitability and may affect mood, tolerability, and treatment-day brain state.",Aim for your usual sleep schedule and tell us if you slept very poorly or stayed up all night.,"Sleep deprivation is a safety and state-dependence flag, especially if combined with medication or substance changes.",moderate,39756660; 33243615,"39756660: Cortical excitability on sleep deprivation measured by transcranial magnetic stimulation: A systematic review and meta-analysis. | 33243615: Safety and recommendations for TMS use in healthy subjects and patient populations, with updates on training, ethical and regulatory issues: Expert Guidelines.",Add sleep-change prompts to daily check-in.,The evidence does not support a single sleep-hour cutoff for all patients.,ready_for_training_draft_after_full_text_QA
FAQ-004,Patient FAQ,patient,Should I take my medications as usual?,Patients should take medications as prescribed and report changes; technicians should not advise medication changes to influence TMS response.,"Take your medications the usual way unless your prescriber tells you otherwise, and tell us about any changes.","Medication changes are clinician-review items because they can affect seizure threshold, excitability, and symptoms.",strong,33243615; 19833552; 28541649,"33243615: Safety and recommendations for TMS use in healthy subjects and patient populations, with updates on training, ethical and regulatory issues: Expert Guidelines. | 19833552: Safety, ethical considerations, and application guidelines for the use of transcranial magnetic stimulation in clinical practice and research. | 28541649: Consensus Recommendations for the Clinical Application of Repetitive Transcranial Magnetic Stimulation (rTMS) in the Treatment of Depression.",Make medication consistency part of patient onboarding.,Urgent medication questions should be routed to the prescriber.,ready_for_training_draft_after_full_text_QA
FAQ-005,Patient FAQ,patient,What if I miss a session?,"TMS protocols are designed as repeated courses, so missed sessions should be handled according to prescriber and clinic protocol rather than made up casually.",Call the clinic if you miss a session. Do not try to double up unless the treatment team specifically schedules it.,"Document missed sessions and follow local rules for makeups, extension, or prescriber review.",clinic-policy-dependent,28541649; 27090022,28541649: Consensus Recommendations for the Clinical Application of Repetitive Transcranial Magnetic Stimulation (rTMS) in the Treatment of Depression. | 27090022: The Clinical TMS Society Consensus Review and Treatment Recommendations for TMS Therapy for Major Depressive Disorder.,Build a missed-session workflow.,Published guidelines do not replace device- and clinic-specific orders.,ready_for_training_draft_after_full_text_QA
FAQ-006,Patient FAQ,patient,When should I expect improvement?,"Antidepressant response often emerges over a course of treatment, and early nonresponse does not mean the course has failed.","Some people notice changes early, but many need multiple weeks. Keep reporting symptoms honestly as treatment continues.",Use validated scales and prescriber review rather than informal technician impressions.,strong,17573044; 28541649; 27090022,17573044: Efficacy and safety of transcranial magnetic stimulation in the acute treatment of major depression: a multisite randomized controlled trial. | 28541649: Consensus Recommendations for the Clinical Application of Repetitive Transcranial Magnetic Stimulation (rTMS) in the Treatment of Depression. | 27090022: The Clinical TMS Society Consensus Review and Treatment Recommendations for TMS Therapy for Major Depressive Disorder.,Set expectations at intake and reinforce during the course.,Accelerated protocols may have different response timing.,ready_for_training_draft_after_full_text_QA
FAQ-007,Patient FAQ,patient,Can I drink alcohol or use cannabis during the course?,"Substance use changes can affect sleep, seizure threshold, mood, and treatment-day brain state, so they should be reported and handled by clinical policy.","Tell the clinic about alcohol, cannabis, or other substance changes. The goal is safety and consistent treatment conditions.","Escalate intoxication, withdrawal concern, or major use changes before treatment.",strong,33243615; 19833552,"33243615: Safety and recommendations for TMS use in healthy subjects and patient populations, with updates on training, ethical and regulatory issues: Expert Guidelines. | 19833552: Safety, ethical considerations, and application guidelines for the use of transcranial magnetic stimulation in clinical practice and research.",Include substance-use changes in daily screening.,Specific abstinence rules vary by clinic and diagnosis.,ready_for_training_draft_after_full_text_QA
FAQ-008,Patient FAQ,patient,Is discomfort a sign that treatment is working?,Discomfort is not a reliable sign of efficacy; stimulation should be tolerable while still following the prescribed intensity and target.,Stronger pain does not mean better treatment. Tell us if it hurts so we can assess it.,Do not trade tolerability for unapproved dose changes. Use protocol-approved comfort adjustments.,strong,33243615; 28541649,"33243615: Safety and recommendations for TMS use in healthy subjects and patient populations, with updates on training, ethical and regulatory issues: Expert Guidelines. | 28541649: Consensus Recommendations for the Clinical Application of Repetitive Transcranial Magnetic Stimulation (rTMS) in the Treatment of Depression.",Correct the 'pain equals efficacy' misconception.,Some protocols may include ramping or adaptation periods.,ready_for_training_draft_after_full_text_QA
FAQ-009,Patient FAQ,patient,Why do you ask the same questions every day?,"Repeated screening catches changes in safety status, medication/substance state, sleep, and symptoms that may matter for that day's treatment.",The daily questions are a safety check. Your answers help us know whether anything changed since the last session.,"Daily screening should be brief, consistent, documented, and escalated when positive.",strong,33243615; 11332408,"33243615: Safety and recommendations for TMS use in healthy subjects and patient populations, with updates on training, ethical and regulatory issues: Expert Guidelines. | 11332408: A safety screening questionnaire for transcranial magnetic stimulation.",Explain repetitive screening as active safety work.,Exact daily checklist content is clinic-specific.,ready_for_training_draft_after_full_text_QA
FAQ-010,Patient FAQ,patient,What should I report between sessions?,"Patients should report new neurological events, fainting, severe or unusual headache, medication changes, substance changes, pregnancy status changes, mania symptoms, and worsening suicidality.","Report anything medically significant or unusual, especially medication changes, fainting, seizure-like events, severe headache, or major mood changes.",Have a clear path for urgent psychiatric symptoms and medical events.,strong,33243615; 19833552; 28541649,"33243615: Safety and recommendations for TMS use in healthy subjects and patient populations, with updates on training, ethical and regulatory issues: Expert Guidelines. | 19833552: Safety, ethical considerations, and application guidelines for the use of transcranial magnetic stimulation in clinical practice and research. | 28541649: Consensus Recommendations for the Clinical Application of Repetitive Transcranial Magnetic Stimulation (rTMS) in the Treatment of Depression.",Include in written patient onboarding.,"Emergency symptoms require emergency care, not just next-session reporting.",ready_for_training_draft_after_full_text_QA
TEC-001,Technician Workflow,technician,What must be verified before each session?,"Before each session, technicians should verify patient identity, treatment order, site/target, protocol, intensity, session number, contraindication updates, ear protection, and adverse events since last session.",We verify details each day to make sure the treatment matches your prescription and safety status.,Use a forced checklist rather than memory for setup-critical steps.,strong,33243615; 28541649; 27090022,"33243615: Safety and recommendations for TMS use in healthy subjects and patient populations, with updates on training, ethical and regulatory issues: Expert Guidelines. | 28541649: Consensus Recommendations for the Clinical Application of Repetitive Transcranial Magnetic Stimulation (rTMS) in the Treatment of Depression. | 27090022: The Clinical TMS Society Consensus Review and Treatment Recommendations for TMS Therapy for Major Depressive Disorder.",Convert to a pre-session checklist.,Device-specific checks should be added from manufacturer manuals.,ready_for_training_draft_after_full_text_QA
TEC-002,Technician Workflow,technician,What should be documented?,"Each treatment record should document target/localization method, coil orientation, intensity, motor threshold basis, pulse/train parameters, patient state changes, tolerability, and adverse events.",The treatment log helps the team keep sessions consistent.,"Documentation is part of dose fidelity, not clerical afterthought.",strong,33243615; 28541649; 27090022,"33243615: Safety and recommendations for TMS use in healthy subjects and patient populations, with updates on training, ethical and regulatory issues: Expert Guidelines. | 28541649: Consensus Recommendations for the Clinical Application of Repetitive Transcranial Magnetic Stimulation (rTMS) in the Treatment of Depression. | 27090022: The Clinical TMS Society Consensus Review and Treatment Recommendations for TMS Therapy for Major Depressive Disorder.",Audit charts for dose-fidelity fields.,Exact fields vary by device and clinic.,ready_for_training_draft_after_full_text_QA
TEC-003,Technician Workflow,technician,How should RMT be measured?,"RMT should be measured with a defined, reproducible method and sufficient observations, with the method documented so later changes can be interpreted.",The mapping step personalizes the dose.,"Methods include Rossini-Rothwell-style thresholding, adaptive threshold hunting, and emerging automated tools; clinics should validate their method.",strong,41949547; 42082007; 33243615,"41949547: Comparison of 4 Methods to Estimate the Resting Motor Threshold Using Transcranial Magnetic Stimulation: Rossini-Rothwell, 2-Threshold, Adaptive Threshold Hunting, and Stimulus-Response Curve Approaches. | 42082007: 'RMT-Finder': An automated procedure to determine the Resting Motor Threshold for Transcranial Magnetic Stimulation. | 33243615: Safety and recommendations for TMS use in healthy subjects and patient populations, with updates on training, ethical and regulatory issues: Expert Guidelines.",Train technicians to one clinic-standard MT method before independent operation.,Visual twitch detection and EMG-based methods may differ.,ready_for_training_draft_after_full_text_QA
TEC-004,Technician Workflow,technician,When should RMT be rechecked?,"RMT should be rechecked according to clinic protocol and when meaningful clinical-state changes occur, such as medication changes, major sleep deprivation, neurological events, long treatment gaps, or unexpected tolerability/motor findings.",Sometimes we repeat mapping because your brain-state or medication situation changed.,Escalate possible RMT-shifting changes rather than silently continuing the old dose.,moderate,33243615; 37738899; 41949547,"33243615: Safety and recommendations for TMS use in healthy subjects and patient populations, with updates on training, ethical and regulatory issues: Expert Guidelines. | 37738899: Influence of time of day on resting motor threshold in clinical TMS practice. | 41949547: Comparison of 4 Methods to Estimate the Resting Motor Threshold Using Transcranial Magnetic Stimulation: Rossini-Rothwell, 2-Threshold, Adaptive Threshold Hunting, and Stimulus-Response Curve Approaches.",Define RMT recheck triggers in the SOP.,Published evidence does not define one universal recheck interval.,ready_for_training_draft_after_full_text_QA
TEC-005,Technician Workflow,technician,Does time of day matter?,"Time of day can influence resting motor threshold in clinical practice, so consistent scheduling may reduce avoidable variability when feasible.",We try to keep treatment conditions consistent when possible.,"Do not delay clinically needed care solely for time matching, but note large schedule shifts if MT or tolerability changes.",limited,37738899,37738899: Influence of time of day on resting motor threshold in clinical TMS practice.,Record schedule changes during troubleshooting.,Time-of-day effects are not yet a universal dosing rule.,ready_for_training_draft_after_full_text_QA
TEC-006,Technician Workflow,technician,How should targeting methods be taught?,"Scalp-based targeting, Beam F3, 5 cm/5.5 cm rules, neuronavigation, and circuit-guided methods are not interchangeable; each has assumptions and documentation requirements.",The team uses a specific method to place the coil consistently over the intended target.,"If the clinic changes targeting method, the chart should preserve which method was used and why.",strong,32289680; 37714408; 33243615,"32289680: Reliability of targeting methods in TMS for depression: Beam F3 vs. 5.5 cm. | 37714408: A randomized trial comparing beam F3 and 5.5 cm targeting in rTMS treatment of depression demonstrates similar effectiveness. | 33243615: Safety and recommendations for TMS use in healthy subjects and patient populations, with updates on training, ethical and regulatory issues: Expert Guidelines.","Train target localization as a named workflow, not a general scalp location.",Clinical superiority between practical targeting methods may be context-specific.,ready_for_training_draft_after_full_text_QA
TEC-007,Technician Workflow,technician,How does Beam F3 compare with 5.5 cm targeting?,"Studies comparing Beam F3 and 5.5 cm targeting in depression suggest similar effectiveness in some clinical contexts, but reliability and patient anatomy remain important.",Different clinics may use different validated placement methods.,Do not mix targeting rules mid-course unless directed and documented.,moderate,32289680; 37714408,32289680: Reliability of targeting methods in TMS for depression: Beam F3 vs. 5.5 cm. | 37714408: A randomized trial comparing beam F3 and 5.5 cm targeting in rTMS treatment of depression demonstrates similar effectiveness.,Use one target method consistently within a course unless ordered otherwise.,This does not prove all targeting methods are equivalent.,ready_for_training_draft_after_full_text_QA
TEC-008,Technician Workflow,technician,Why does coil orientation matter?,"Coil position and orientation affect induced electric-field direction and stimulation of intended tissue, so drift and rotation are dose-fidelity problems.",We keep the coil steady because small position changes can change what is stimulated.,"Use marks, neuronavigation, fixtures, and repeated checks according to device and clinic workflow.",strong,33243615; 19833552,"33243615: Safety and recommendations for TMS use in healthy subjects and patient populations, with updates on training, ethical and regulatory issues: Expert Guidelines. | 19833552: Safety, ethical considerations, and application guidelines for the use of transcranial magnetic stimulation in clinical practice and research.",Include coil drift checks during treatment.,"Exact tolerances depend on target, device, and localization method.",ready_for_training_draft_after_full_text_QA
TEC-009,Technician Workflow,technician,Can technicians change intensity for comfort?,Technicians should use only protocol-approved comfort adjustments and should not independently change prescribed treatment dose or protocol.,Tell us if it hurts; we can assess comfort while staying within the prescribed treatment plan.,"Escalate persistent intolerance; document any ramping, pauses, or clinician-approved changes.",strong,28541649; 27090022; 33243615,"28541649: Consensus Recommendations for the Clinical Application of Repetitive Transcranial Magnetic Stimulation (rTMS) in the Treatment of Depression. | 27090022: The Clinical TMS Society Consensus Review and Treatment Recommendations for TMS Therapy for Major Depressive Disorder. | 33243615: Safety and recommendations for TMS use in healthy subjects and patient populations, with updates on training, ethical and regulatory issues: Expert Guidelines.",Define allowed comfort adjustments in SOP.,Local scope-of-practice rules control who may adjust what.,ready_for_training_draft_after_full_text_QA
TEC-010,Technician Workflow,technician,How should a seizure be handled?,"If a seizure occurs, stimulation should stop immediately and staff should follow emergency protocol focused on patient safety and rapid medical evaluation.",The clinic has a safety plan for rare emergencies.,"Protect from injury, time the event, avoid putting anything in the mouth, and summon medical help per protocol.",strong,33243615; 19833552; 34133991,"33243615: Safety and recommendations for TMS use in healthy subjects and patient populations, with updates on training, ethical and regulatory issues: Expert Guidelines. | 19833552: Safety, ethical considerations, and application guidelines for the use of transcranial magnetic stimulation in clinical practice and research. | 34133991: Seizure risk with repetitive TMS: Survey results from over a half-million treatment sessions.",Drill seizure-response workflow.,Emergency instructions must match local medical governance.,ready_for_training_draft_after_full_text_QA
PRO-001,Protocol Literacy,patient_and_technician,What protocols are best established for depression?,"High-frequency left prefrontal rTMS and several related prefrontal protocols have established evidence for major depressive disorder, with protocol-specific indications and parameters.","For depression, TMS usually uses a studied prefrontal protocol repeated across a treatment course.","Confirm indication, target, frequency, intensity, train structure, pulses, and total sessions against the written order.",strong,17573044; 28541649; 27090022; 31901449,17573044: Efficacy and safety of transcranial magnetic stimulation in the acute treatment of major depression: a multisite randomized controlled trial. | 28541649: Consensus Recommendations for the Clinical Application of Repetitive Transcranial Magnetic Stimulation (rTMS) in the Treatment of Depression. | 27090022: The Clinical TMS Society Consensus Review and Treatment Recommendations for TMS Therapy for Major Depressive Disorder. | 31901449: Evidence-based guidelines on the therapeutic use of repetitive transcranial magnetic stimulation (rTMS): An update (2014-2018).,Teach protocol literacy before device operation.,Guideline support varies by indication and protocol.,ready_for_training_draft_after_full_text_QA
PRO-002,Protocol Literacy,patient_and_technician,How does iTBS compare with 10 Hz rTMS for depression?,"The THREE-D trial found intermittent theta burst stimulation was non-inferior to standard high-frequency rTMS for treatment-resistant depression, with much shorter sessions.",Some shorter TMS protocols have evidence comparable to longer standard sessions for depression.,"Shorter session length does not mean lower need for exact targeting, dose, and safety checks.",strong,29726344,29726344: Effectiveness of theta burst versus high-frequency repetitive transcranial magnetic stimulation in patients with depression (THREE-D): a randomised non-inferiority trial.,Teach iTBS as evidence-based but protocol-specific.,Non-inferiority was shown for a defined population and protocol.,ready_for_training_draft_after_full_text_QA
PRO-003,Protocol Literacy,technician,Are low-frequency right-sided and bilateral protocols evidence-based?,"Low-frequency right prefrontal and bilateral protocols have supporting evidence, but strength and parameters differ from standard left-sided high-frequency protocols.",Different TMS patterns can be chosen for different clinical reasons.,Do not generalize setup parameters from one protocol to another.,strong,31901449; 28541649; 27090022,31901449: Evidence-based guidelines on the therapeutic use of repetitive transcranial magnetic stimulation (rTMS): An update (2014-2018). | 28541649: Consensus Recommendations for the Clinical Application of Repetitive Transcranial Magnetic Stimulation (rTMS) in the Treatment of Depression. | 27090022: The Clinical TMS Society Consensus Review and Treatment Recommendations for TMS Therapy for Major Depressive Disorder.,Separate protocol cards by frequency/side/target.,Local payer and device indications may be narrower than the literature.,ready_for_training_draft_after_full_text_QA
PRO-004,Protocol Literacy,technician,What about accelerated protocols and SNT/SAINT?,"Accelerated and Stanford Neuromodulation Therapy-style protocols show promising rapid effects in selected studies, but they require exact protocol fidelity and should not be improvised from standard rTMS.","Some research protocols deliver multiple sessions per day, but they are specialized and not the same as routine TMS.","Check intersession interval, pulse dose, target method, daily session count, and safety monitoring.",moderate,32252538; 34711062,32252538: Stanford Accelerated Intelligent Neuromodulation Therapy for Treatment-Resistant Depression. | 34711062: Stanford Neuromodulation Therapy (SNT): A Double-Blind Randomized Controlled Trial.,Label accelerated protocols as separate workflows.,"Evidence base, regulatory status, and clinic readiness vary.",ready_for_training_draft_after_full_text_QA
PRO-005,Protocol Literacy,technician,Are deep TMS and figure-8 rTMS interchangeable?,"Deep TMS and figure-8 coil rTMS use different coil designs, field distributions, protocols, and device-specific evidence; they are not interchangeable at the technician level.","Different TMS devices can stimulate in different ways, so the treatment plan is device-specific.","Follow device-specific training, safety procedures, helmet/coil positioning, and protocol parameters.",strong,31901449; 27090022; 33243615,"31901449: Evidence-based guidelines on the therapeutic use of repetitive transcranial magnetic stimulation (rTMS): An update (2014-2018). | 27090022: The Clinical TMS Society Consensus Review and Treatment Recommendations for TMS Therapy for Major Depressive Disorder. | 33243615: Safety and recommendations for TMS use in healthy subjects and patient populations, with updates on training, ethical and regulatory issues: Expert Guidelines.",Maintain separate competency checklists by device.,Device-specific manuals and FDA labeling should be added to the evidence base.,ready_for_training_draft_after_full_text_QA
PRO-006,Protocol Literacy,patient_and_technician,"Can depression evidence be applied to OCD, smoking, migraine, pain, or other conditions?",Evidence and cleared indications differ by condition; technicians should not generalize depression protocol claims to other diagnoses.,"TMS is studied for several conditions, but each condition has its own evidence and protocol.",Use condition-specific protocol orders and patient education language.,strong,31901449; 33243615,"31901449: Evidence-based guidelines on the therapeutic use of repetitive transcranial magnetic stimulation (rTMS): An update (2014-2018). | 33243615: Safety and recommendations for TMS use in healthy subjects and patient populations, with updates on training, ethical and regulatory issues: Expert Guidelines.",Separate diagnosis-specific modules.,Regulatory clearance can differ from guideline evidence and from local clinical practice.,ready_for_training_draft_after_full_text_QA
PRO-007,Protocol Literacy,technician,Why are dose variables not convenience variables?,"Frequency, train duration, intertrain interval, intensity, pulse count, target, and session spacing are active treatment variables.",The timing and number of pulses are part of the prescription.,"Do not alter pulse count, spacing, or intensity to fit scheduling unless a clinician-approved protocol allows it.",strong,33243615; 9474057; 31901449,"33243615: Safety and recommendations for TMS use in healthy subjects and patient populations, with updates on training, ethical and regulatory issues: Expert Guidelines. | 9474057: Risk and safety of repetitive transcranial magnetic stimulation: report and suggested guidelines from the International Workshop on the Safety of Repetitive Transcranial Magnetic Stimulation, June 5-7, 1996. | 31901449: Evidence-based guidelines on the therapeutic use of repetitive transcranial magnetic stimulation (rTMS): An update (2014-2018).",Build hard stops for protocol deviations.,Some devices automate these fields; technicians still need to verify them.,ready_for_training_draft_after_full_text_QA
PRO-008,Protocol Literacy,technician,How should clinical outcomes be tracked?,"Treatment response should be tracked with validated clinical measures and clinician assessment, not technician intuition alone.",The rating scales help the team measure change over time.,Administer scales exactly as assigned and escalate suicidality or deterioration immediately.,strong,28541649; 27090022,28541649: Consensus Recommendations for the Clinical Application of Repetitive Transcranial Magnetic Stimulation (rTMS) in the Treatment of Depression. | 27090022: The Clinical TMS Society Consensus Review and Treatment Recommendations for TMS Therapy for Major Depressive Disorder.,Integrate scale due dates into workflow.,Scale choice is clinic- and diagnosis-specific.,ready_for_training_draft_after_full_text_QA
MEAS-001,"Future Expansion: fNIRS, EEG, qEEG, TMS-EEG",technician,What can fNIRS add?,"fNIRS can measure cortical hemodynamic signals during or around stimulation, but TMS/fNIRS workflows remain emerging and protocol-specific.",fNIRS is a way to measure blood-flow-related brain activity near the scalp; it is not required for standard TMS everywhere.,"Optode placement, hair, motion, ambient light, and timing relative to stimulation can affect signal quality.",limited,41478613; 42055949,"41478613: Temporal variation of brain hemodynamics with accelerated iTBS for depression: A single-case concurrent TMS/fNIRS study. | 42055949: Functional near-infrared spectroscopy assessment of the effects of transcranial direct current stimulation combined with transcranial magnetic stimulation on dynamic functional networks in patients with chronic insomnia: randomised, double-blind, parallel-group, controlled clinical trial.",Pilot fNIRS as a research/QA workflow before clinical claims.,Evidence is not yet sufficient for universal response prediction.,ready_for_training_draft_after_full_text_QA
MEAS-002,"Future Expansion: fNIRS, EEG, qEEG, TMS-EEG",technician,What can EEG or qEEG add?,"EEG/qEEG may support precision-medicine research for noninvasive brain stimulation in depression, but biomarker-guided decisions remain an emerging area.","Brain-wave tests may provide useful information in some settings, but they do not guarantee who will respond.","Training must cover electrode quality, artifact management, state control, and who is qualified to interpret outputs.",moderate,41483580,41483580: EEG biomarkers for a precision-medicine approach to noninvasive brain stimulation for major depressive disorder.,Avoid deterministic qEEG marketing language.,Algorithm-specific validation is needed before clinical decision use.,ready_for_training_draft_after_full_text_QA
MEAS-003,"Future Expansion: fNIRS, EEG, qEEG, TMS-EEG",technician,What is TMS-EEG?,"TMS-EEG measures EEG responses to TMS pulses and can probe cortical reactivity, but stimulation artifacts and preprocessing choices are major technical challenges.","TMS-EEG records brain electrical activity around the TMS pulse, usually for specialized testing or research.","Cap setup, electrode impedance, amplifier protection, artifact correction, timing, and patient movement are core workflow burdens.",moderate,42055012; 42066923; 41344323,42055012: Effective correction of extreme capacitive artifacts in TMS-EEG via windowed detrending. | 42066923: Exploratory decoding of TMS-EEG: Predicting TEP response to intermittent and continuous theta burst stimulation. | 41344323: Frontoparietal network mediates the antidepressant effects of accelerated iTBS and cTBS: TMS-EEG study.,Treat TMS-EEG as a separate competency.,Outputs need expert interpretation and validated preprocessing.,ready_for_training_draft_after_full_text_QA
MEAS-004,"Future Expansion: fNIRS, EEG, qEEG, TMS-EEG",technician,How should measurement tools be introduced into the platform?,"Measurement tools should be organized by readiness level: clinic-ready workflow, clinic-QA tool, research-use biomarker, or investigational method.","Some measurements are routine, while others are still research tools.","Each measurement module should state setup burden, artifact risks, interpretation authority, and clinical decision pathway.",strong,41483580; 42055012; 42066923,41483580: EEG biomarkers for a precision-medicine approach to noninvasive brain stimulation for major depressive disorder. | 42055012: Effective correction of extreme capacitive artifacts in TMS-EEG via windowed detrending. | 42066923: Exploratory decoding of TMS-EEG: Predicting TEP response to intermittent and continuous theta burst stimulation.,Add readiness labels before expanding into qEEG/fNIRS modules.,Readiness may change as local validation and new evidence accumulate.,ready_for_training_draft_after_full_text_QA
MEC-009,Mechanisms,technician,What does personalized targeting add?,"Personalized targeting and electric-field-informed workflows can improve anatomical or circuit precision, but they require additional imaging, modeling, QA, and interpretation infrastructure.","Some programs use imaging to personalize the target. That can make placement more specific, but it is a specialized workflow.","Do not treat personalized, neuronavigated, robotic, or circuit-guided targeting as a simple coordinate substitution.",moderate,42204340; 42044040; 41438652,"42204340: A generic, rapid and robust platform for personalized functional circuit-guided neuromodulation targeting. | 42044040: Robotically Delivered fMRI-Guided Personalized Transcranial Magnetic Stimulation Therapy for Treatment-Resistant Depression. | 41438652: Efficient prospective electric field-informed localization of motor cortical targets of transcranial magnetic stimulation.",Create separate competencies for MRI-guided and circuit-guided workflows.,Precision workflows do not automatically prove superior outcomes in every setting.,ready_for_training_draft_after_full_text_QA
MEC-010,Mechanisms,patient_and_technician,Is TMS the same as ECT?,TMS is a nonconvulsive outpatient neuromodulation technique and is mechanistically and procedurally distinct from electroconvulsive therapy.,TMS is not ECT. It does not require anesthesia and is not intended to cause a seizure.,Use this distinction when patients arrive with fear based on ECT assumptions.,strong,28541649; 27090022; 33243615,"28541649: Consensus Recommendations for the Clinical Application of Repetitive Transcranial Magnetic Stimulation (rTMS) in the Treatment of Depression. | 27090022: The Clinical TMS Society Consensus Review and Treatment Recommendations for TMS Therapy for Major Depressive Disorder. | 33243615: Safety and recommendations for TMS use in healthy subjects and patient populations, with updates on training, ethical and regulatory issues: Expert Guidelines.",Include a TMS-versus-ECT misconception item in onboarding.,ECT remains an evidence-based treatment for some conditions; avoid stigmatizing comparisons.,ready_for_training_draft_after_full_text_QA
SAF-009,Safety and Side Effects,technician,How should pregnancy or special populations be handled?,"Pregnancy, adolescence, older age, epilepsy, implanted devices, and complex neurological or psychiatric histories require clinician-level review rather than technician-level clearance.","Some medical situations do not automatically rule out TMS, but they do require careful clinician review.",Do not reassure or exclude independently; escalate to the prescriber or medical director.,strong,33243615; 19833552; 40865772; 40429604,"33243615: Safety and recommendations for TMS use in healthy subjects and patient populations, with updates on training, ethical and regulatory issues: Expert Guidelines. | 19833552: Safety, ethical considerations, and application guidelines for the use of transcranial magnetic stimulation in clinical practice and research. | 40865772: Efficacy and safety of transcranial magnetic stimulation in the treatment of children, adolescents and young adults with depression: A meta-analysis of randomized controlled trials. | 40429604: Efficacy and Safety of Transcranial Magnetic Stimulation for Treating Late-Life Depression: A Scoping Review.",Build special-population flags into intake and daily screening.,Evidence differs substantially by subgroup and indication.,ready_for_training_draft_after_full_text_QA
SAF-010,Safety and Side Effects,technician,How should implanted devices be handled?,Implanted electronic devices and ferromagnetic or conductive material near the stimulation path are safety-review triggers because magnetic fields can interact with hardware.,We ask about implants because magnets can interact with certain devices or metal.,"Document device type, location, manufacturer information if available, and clinician clearance.",strong,33243615; 19833552; 9803953; 9918361,"33243615: Safety and recommendations for TMS use in healthy subjects and patient populations, with updates on training, ethical and regulatory issues: Expert Guidelines. | 19833552: Safety, ethical considerations, and application guidelines for the use of transcranial magnetic stimulation in clinical practice and research. | 9803953: Safety of transcranial magnetic stimulation in patients with implanted electronic equipment. | 9918361: Safety of transcranial magnetic stimulation in patients with implanted deep brain stimulators.",Maintain an implant-escalation checklist.,Compatibility decisions may require device manuals or manufacturer consultation.,ready_for_training_draft_after_full_text_QA
SAF-011,Safety and Side Effects,patient_and_technician,How should headache be discussed?,"Headache after TMS is usually transient, but severe, unusual, or persistent headache should be escalated rather than dismissed.","Mild headache can happen. Please tell us if it is severe, unusual, or does not settle the way it normally does.",Offer only clinic-approved comfort measures and route medication questions to clinical staff.,strong,33243615; 28541649; 27090022,"33243615: Safety and recommendations for TMS use in healthy subjects and patient populations, with updates on training, ethical and regulatory issues: Expert Guidelines. | 28541649: Consensus Recommendations for the Clinical Application of Repetitive Transcranial Magnetic Stimulation (rTMS) in the Treatment of Depression. | 27090022: The Clinical TMS Society Consensus Review and Treatment Recommendations for TMS Therapy for Major Depressive Disorder.",Add headache severity and timing fields to adverse-event documentation.,Do not give individualized medication advice outside scope.,ready_for_training_draft_after_full_text_QA
SAF-012,Safety and Side Effects,technician,Why track postmarketing and adverse-event signals?,Postmarketing adverse-event surveillance can identify real-world safety patterns that may not be fully visible in trials.,Clinics track side effects so safety practices can keep improving.,Adverse-event documentation should be structured enough to support internal QA and required reporting pathways.,moderate,41678387; 34133991,41678387: Postmarketing Safety of Transcranial Magnetic Stimulation: A 10-Year MAUDE Database Analysis of Adverse Events and Technological Advancements. | 34133991: Seizure risk with repetitive TMS: Survey results from over a half-million treatment sessions.,Train technicians on what counts as reportable internally.,Spontaneous-report databases have reporting bias and cannot estimate incidence alone.,ready_for_training_draft_after_full_text_QA
FAQ-011,Patient FAQ,patient,"If I feel better, can I stop early?",Stopping early should be a clinician decision because standard courses are designed around cumulative dosing and measured response.,"Feeling better is important, but talk with the treatment team before changing the treatment schedule.",Route early-stop requests to the prescriber and continue objective symptom tracking.,clinic-policy-dependent,28541649; 27090022,28541649: Consensus Recommendations for the Clinical Application of Repetitive Transcranial Magnetic Stimulation (rTMS) in the Treatment of Depression. | 27090022: The Clinical TMS Society Consensus Review and Treatment Recommendations for TMS Therapy for Major Depressive Disorder.,Add early-improvement counseling to FAQ scripts.,"Continuation, taper, maintenance, and retreatment protocols vary.",ready_for_training_draft_after_full_text_QA
FAQ-012,Patient FAQ,patient,What if I am anxious during treatment?,"Anxiety and expectancy can affect the patient experience, so calm coaching, accurate expectations, and symptom reporting are part of good TMS care.",It is common to feel nervous at first. Tell us what you feel so we can coach you through what is expected and what needs attention.,Use neutral reassurance and avoid promising response or minimizing concerns.,limited,41812418; 42090145,41812418: Expectations and tolerance of transcranial magnetic stimulation in patients with functional neurological disorder. | 42090145: Intermittent Theta Burst Stimulation of the Dorsomedial PFC and Expectancy-Driven Placebo Mood Effects: A Randomized Clinical Trial.,Teach first-session scripts and distress-escalation triggers.,Expectancy effects are real but should not be used to imply symptoms are imagined.,ready_for_training_draft_after_full_text_QA
FAQ-013,Patient FAQ,patient,Is twitching normal?,Facial or scalp muscle twitching can occur because the magnetic field activates superficial nerves and muscles near the coil.,"Some twitching around the scalp, forehead, or face can be normal. Tell us if it changes, hurts, or feels unusual.","Differentiate expected superficial activation from unintended limb movement, seizure concern, or coil misplacement.",strong,33243615; 19833552,"33243615: Safety and recommendations for TMS use in healthy subjects and patient populations, with updates on training, ethical and regulatory issues: Expert Guidelines. | 19833552: Safety, ethical considerations, and application guidelines for the use of transcranial magnetic stimulation in clinical practice and research.",Include expected movement sensations in first-session education.,New or excessive movement should trigger setup review.,ready_for_training_draft_after_full_text_QA
FAQ-014,Patient FAQ,patient,How does TMS work?,"TMS uses a rapidly changing magnetic field to induce small electric fields in brain tissue, rather than sending electricity directly through the scalp.",The coil makes a brief magnetic pulse. That pulse passes through the scalp and induces tiny electrical currents in the targeted brain area.,Use magnetic induction language and avoid implying direct electrical injection or a simple mood switch.,strong,33243615; 19833552,"33243615: Safety and recommendations for TMS use in healthy subjects and patient populations, with updates on training, ethical and regulatory issues: Expert Guidelines. | 19833552: Safety, ethical considerations, and application guidelines for the use of transcranial magnetic stimulation in clinical practice and research.",Add a plain-language mechanism script to first-session onboarding.,Mechanism language does not predict individual response.,ready_for_training_draft_after_full_text_QA
FAQ-015,Patient FAQ,patient,Why do I need so many sessions?,Clinical TMS courses use repeated sessions because effects are expected to accumulate across a treatment course rather than occur only during one stimulation event.,"Each session is part of a course. The goal is for effects to build over repeated treatments, so sticking with the schedule matters.",Frame adherence as cumulative dosing while avoiding promises about when or whether response will occur.,strong,31901449; 28541649; 27090022,31901449: Evidence-based guidelines on the therapeutic use of repetitive transcranial magnetic stimulation (rTMS): An update (2014-2018). | 28541649: Consensus Recommendations for the Clinical Application of Repetitive Transcranial Magnetic Stimulation (rTMS) in the Treatment of Depression. | 27090022: The Clinical TMS Society Consensus Review and Treatment Recommendations for TMS Therapy for Major Depressive Disorder.,Connect missed-session counseling to the repeated-session rationale.,Course length and schedule depend on the prescribed protocol and clinical response.,ready_for_training_draft_after_full_text_QA
FAQ-016,Patient FAQ,patient,What is motor threshold?,"Resting motor threshold is a personalized calibration measure used to scale treatment intensity, not a measure of mood severity or treatment success.",The hand or thumb movement test helps the team set your dose. It is not a test of how depressed you are or whether you are improving.,"Explain RMT as a dosing calibration step and document method, muscle/site, intensity, and retest triggers.",strong,33243615; 41949547; 42082007,"33243615: Safety and recommendations for TMS use in healthy subjects and patient populations, with updates on training, ethical and regulatory issues: Expert Guidelines. | 41949547: Comparison of 4 Methods to Estimate the Resting Motor Threshold Using Transcranial Magnetic Stimulation: Rossini-Rothwell, 2-Threshold, Adaptive Threshold Hunting, and Stimulus-Response Curve Approaches. | 42082007: 'RMT-Finder': An automated procedure to determine the Resting Motor Threshold for Transcranial Magnetic Stimulation.",Add motor-threshold explanation to mapping and remapping workflows.,RMT methods vary; clinics should follow their device and protocol SOP.,ready_for_training_draft_after_full_text_QA
FAQ-017,Patient FAQ,patient,What side effects are common?,"Common TMS side effects are usually local and transient, including scalp discomfort, headache, facial twitching, and fatigue.","The most common issues are temporary scalp discomfort, headache, twitching near the coil, or fatigue. Tell us if anything is intense, unusual, or worsening.","Track side effect type, severity, timing, session context, comfort steps, and whether clinician review was needed.",strong,33243615; 19833552; 28541649; 27090022,"33243615: Safety and recommendations for TMS use in healthy subjects and patient populations, with updates on training, ethical and regulatory issues: Expert Guidelines. | 19833552: Safety, ethical considerations, and application guidelines for the use of transcranial magnetic stimulation in clinical practice and research. | 28541649: Consensus Recommendations for the Clinical Application of Repetitive Transcranial Magnetic Stimulation (rTMS) in the Treatment of Depression. | 27090022: The Clinical TMS Society Consensus Review and Treatment Recommendations for TMS Therapy for Major Depressive Disorder.",Use a structured side-effect check-in at every session.,Common does not mean ignorable; severe or unusual symptoms require escalation.,ready_for_training_draft_after_full_text_QA
FAQ-018,Patient FAQ,patient,How rare are seizures?,"TMS-associated seizure is rare when safety guidelines and screening are followed, but it remains the serious acute event technicians must be trained to recognize and manage.","Seizures are rare, and that is why we screen carefully and follow safety procedures at every visit.","Know the clinic seizure-response procedure, stop stimulation immediately, protect the patient, and summon medical help.",strong,33243615; 19833552; 34133991; 9474057,"33243615: Safety and recommendations for TMS use in healthy subjects and patient populations, with updates on training, ethical and regulatory issues: Expert Guidelines. | 19833552: Safety, ethical considerations, and application guidelines for the use of transcranial magnetic stimulation in clinical practice and research. | 34133991: Seizure risk with repetitive TMS: Survey results from over a half-million treatment sessions. | 9474057: Risk and safety of repetitive transcranial magnetic stimulation: report and suggested guidelines from the International Workshop on the Safety of Repetitive Transcranial Magnetic Stimulation, June 5-7, 1996.",Teach seizure risk with both reassurance and emergency readiness.,"Risk depends on protocol, device, history, medications, sleep, substances, and other factors.",ready_for_training_draft_after_full_text_QA
FAQ-019,Patient FAQ,patient,Why do I need ear protection?,"Ear protection is recommended because TMS coils produce loud clicking sounds, and hearing protection is a low-burden safety step.",The earplugs are for the clicking sound from the coil. They help protect your hearing during treatment.,"Confirm hearing protection before stimulation and document exceptions, intolerance, or hearing-related complaints.",strong,33243615; 19833552; 1549231,"33243615: Safety and recommendations for TMS use in healthy subjects and patient populations, with updates on training, ethical and regulatory issues: Expert Guidelines. | 19833552: Safety, ethical considerations, and application guidelines for the use of transcranial magnetic stimulation in clinical practice and research. | 1549231: No evidence of hearing loss in humans due to transcranial magnetic stimulation.",Make ear protection a visible pre-session checkpoint.,"Patients with hearing devices, tinnitus, or ear symptoms may need individualized review.",ready_for_training_draft_after_full_text_QA
FAQ-020,Patient FAQ,patient,Can TMS trigger mania or feeling too activated?,"Mood switching or manic/hypomanic activation is uncommon but important to detect, especially when sleep, energy, impulsivity, or agitation changes rapidly.","Tell us if you feel unusually energized, need much less sleep, feel impulsive, agitated, or unlike yourself.","Escalate suspected manic, hypomanic, mixed, or unsafe activation symptoms to the treating clinician before continuing.",moderate,33243615; 28541649; 31901449,"33243615: Safety and recommendations for TMS use in healthy subjects and patient populations, with updates on training, ethical and regulatory issues: Expert Guidelines. | 28541649: Consensus Recommendations for the Clinical Application of Repetitive Transcranial Magnetic Stimulation (rTMS) in the Treatment of Depression. | 31901449: Evidence-based guidelines on the therapeutic use of repetitive transcranial magnetic stimulation (rTMS): An update (2014-2018).",Include activation and sleep-change prompts in mood safety screening.,"Assessment depends on diagnosis, medication plan, and clinician judgment.",ready_for_training_draft_after_full_text_QA
FAQ-021,Patient FAQ,patient,Is TMS the same as ECT?,"TMS is procedurally and mechanistically distinct from electroconvulsive therapy: it is outpatient, nonconvulsive, and does not require anesthesia.","TMS is not ECT. You stay awake, it does not require anesthesia, and the treatment is not intended to cause a seizure.",Use this distinction to reduce fear while avoiding dismissive or stigmatizing comparisons to ECT.,strong,28541649; 27090022; 33243615,"28541649: Consensus Recommendations for the Clinical Application of Repetitive Transcranial Magnetic Stimulation (rTMS) in the Treatment of Depression. | 27090022: The Clinical TMS Society Consensus Review and Treatment Recommendations for TMS Therapy for Major Depressive Disorder. | 33243615: Safety and recommendations for TMS use in healthy subjects and patient populations, with updates on training, ethical and regulatory issues: Expert Guidelines.",Add TMS-versus-ECT language to intake scripts.,ECT is an evidence-based treatment in appropriate clinical situations; do not frame it as inferior or unsafe.,ready_for_training_draft_after_full_text_QA
FAQ-022,Patient FAQ,patient,What if I have an implant or metal?,Implanted electronic devices and ferromagnetic or conductive material near the stimulation path are safety-review triggers because TMS magnetic fields can interact with hardware.,"Tell us about any implants, devices, metal, shrapnel, aneurysm clips, stimulators, or hearing devices. The clinical team will review whether treatment is safe.","Document device type, location, manufacturer/model when available, and clinician clearance before stimulation.",strong,33243615; 19833552; 9803953; 9918361,"33243615: Safety and recommendations for TMS use in healthy subjects and patient populations, with updates on training, ethical and regulatory issues: Expert Guidelines. | 19833552: Safety, ethical considerations, and application guidelines for the use of transcranial magnetic stimulation in clinical practice and research. | 9803953: Safety of transcranial magnetic stimulation in patients with implanted electronic equipment. | 9918361: Safety of transcranial magnetic stimulation in patients with implanted deep brain stimulators.",Add an implant and metal escalation script to daily screening.,"Compatibility decisions may require device manuals, manufacturer information, imaging history, or specialist input.",ready_for_training_draft_after_full_text_QA
FAQ-023,Patient FAQ,patient,"What about pregnancy, age, or complex medical situations?","Pregnancy, adolescence, older age, epilepsy, implanted devices, and complex neurological or psychiatric histories require clinician-level review rather than technician-level clearance.","These situations do not always mean TMS is impossible, but they do mean the clinician needs to review your specific case.","Do not reassure, exclude, or clear independently; collect the relevant details and escalate through the prescriber or medical director.",strong,33243615; 19833552; 40865772; 40429604,"33243615: Safety and recommendations for TMS use in healthy subjects and patient populations, with updates on training, ethical and regulatory issues: Expert Guidelines. | 19833552: Safety, ethical considerations, and application guidelines for the use of transcranial magnetic stimulation in clinical practice and research. | 40865772: Efficacy and safety of transcranial magnetic stimulation in the treatment of children, adolescents and young adults with depression: A meta-analysis of randomized controlled trials. | 40429604: Efficacy and Safety of Transcranial Magnetic Stimulation for Treating Late-Life Depression: A Scoping Review.",Create special-population flags in intake and daily update workflows.,"Evidence differs by subgroup, diagnosis, protocol, and risk profile.",ready_for_training_draft_after_full_text_QA
FAQ-024,Patient FAQ,patient,What if I get a headache?,"Headache after TMS is usually transient, but severe, unusual, worsening, or persistent headache should be escalated rather than dismissed.","Mild headache can happen. Please tell us if it is severe, unusual for you, getting worse, or not settling the way it normally does.",Use clinic-approved comfort steps only and route medication or concerning symptom questions to clinical staff.,strong,33243615; 28541649; 27090022,"33243615: Safety and recommendations for TMS use in healthy subjects and patient populations, with updates on training, ethical and regulatory issues: Expert Guidelines. | 28541649: Consensus Recommendations for the Clinical Application of Repetitive Transcranial Magnetic Stimulation (rTMS) in the Treatment of Depression. | 27090022: The Clinical TMS Society Consensus Review and Treatment Recommendations for TMS Therapy for Major Depressive Disorder.","Add headache timing, severity, and pattern fields to adverse-event documentation.",Do not give individualized medication advice outside scope.,ready_for_training_draft_after_full_text_QA
FAQ-025,Patient FAQ,patient,Will I need maintenance or another course later?,"Maintenance and retreatment approaches exist, but they are less standardized than acute-course protocols and should be individualized by the treating clinician.","Some patients discuss maintenance or another course later, but that plan depends on your response, relapse risk, symptoms, coverage, and clinician judgment.","Avoid implying a universal maintenance schedule; document response, relapse concerns, and clinician orders.",moderate,28541649; 27090022,28541649: Consensus Recommendations for the Clinical Application of Repetitive Transcranial Magnetic Stimulation (rTMS) in the Treatment of Depression. | 27090022: The Clinical TMS Society Consensus Review and Treatment Recommendations for TMS Therapy for Major Depressive Disorder.,Add maintenance and retreatment boundaries to discharge or end-of-course scripts.,"Maintenance frequency, duration, coverage, and evidence differ by clinic and indication.",ready_for_training_draft_after_full_text_QA
TEC-011,Technician Workflow,technician,What is the technician scope boundary?,"Technicians can execute, monitor, document, and escalate, but diagnosis, eligibility, protocol selection, and medication decisions belong to qualified clinicians.",Technicians help deliver the treatment safely and communicate changes to the clinical team.,Use scripted escalation instead of improvising clinical advice.,strong,28541649; 27090022; 33243615,"28541649: Consensus Recommendations for the Clinical Application of Repetitive Transcranial Magnetic Stimulation (rTMS) in the Treatment of Depression. | 27090022: The Clinical TMS Society Consensus Review and Treatment Recommendations for TMS Therapy for Major Depressive Disorder. | 33243615: Safety and recommendations for TMS use in healthy subjects and patient populations, with updates on training, ethical and regulatory issues: Expert Guidelines.",Make scope boundaries explicit in competency training.,Specific legal scope varies by jurisdiction and clinic policy.,ready_for_training_draft_after_full_text_QA
TEC-012,Technician Workflow,technician,How should device-specific training be handled?,"Device, coil, helmet, neuronavigation, and software workflows require device-specific training in addition to general TMS knowledge.",The equipment setup is specific to the device and your treatment plan.,"Maintain device-specific checkoffs for startup, calibration, coil/helmet placement, fault handling, and shutdown.",strong,33243615; 27090022,"33243615: Safety and recommendations for TMS use in healthy subjects and patient populations, with updates on training, ethical and regulatory issues: Expert Guidelines. | 27090022: The Clinical TMS Society Consensus Review and Treatment Recommendations for TMS Therapy for Major Depressive Disorder.",Separate general TMS education from device competency.,Manufacturer manuals and local SOPs are required evidence sources beyond PubMed.,ready_for_training_draft_after_full_text_QA
TEC-013,Technician Workflow,technician,How should suicidality be handled during a depression course?,Worsening suicidality or emergent acute risk should be escalated immediately through the clinic's psychiatric safety pathway.,"If suicidal thoughts worsen or feel urgent, tell us immediately or seek emergency help.",Do not wait for the next rating-scale interval when acute risk is disclosed.,strong,28541649; 27090022; 41819354,28541649: Consensus Recommendations for the Clinical Application of Repetitive Transcranial Magnetic Stimulation (rTMS) in the Treatment of Depression. | 27090022: The Clinical TMS Society Consensus Review and Treatment Recommendations for TMS Therapy for Major Depressive Disorder. | 41819354: Efficacy and safety of accelerated transcranial magnetic stimulation on suicidality in depressive disorders: A systematic review and meta-analysis.,Integrate suicide-risk escalation into technician scripts.,Emergency response must follow local law and clinic policy.,ready_for_training_draft_after_full_text_QA
PRO-009,Protocol Literacy,technician,What about maintenance or retreatment?,"Maintenance and retreatment approaches exist, but they are less standardized than acute-course protocols and should be clinician-directed.","Some people discuss maintenance or another course later, but that plan is individualized.","Do not imply a universal maintenance schedule; document relapse, response, and clinician orders.",moderate,28541649; 27090022,28541649: Consensus Recommendations for the Clinical Application of Repetitive Transcranial Magnetic Stimulation (rTMS) in the Treatment of Depression. | 27090022: The Clinical TMS Society Consensus Review and Treatment Recommendations for TMS Therapy for Major Depressive Disorder.,Create a separate maintenance/retreatment module.,Coverage and evidence differ by diagnosis and setting.,ready_for_training_draft_after_full_text_QA
PRO-010,Protocol Literacy,technician,How should special-age populations be taught?,"Youth and late-life depression TMS evidence is growing, but protocols and safety considerations should be handled as special-population workflows.",Age and medical context can affect how the team plans and monitors treatment.,"Escalate cognitive impairment, frailty, guardian/consent issues, or pediatric considerations.",moderate,40865772; 40429604; 28541649,"40865772: Efficacy and safety of transcranial magnetic stimulation in the treatment of children, adolescents and young adults with depression: A meta-analysis of randomized controlled trials. | 40429604: Efficacy and Safety of Transcranial Magnetic Stimulation for Treating Late-Life Depression: A Scoping Review. | 28541649: Consensus Recommendations for the Clinical Application of Repetitive Transcranial Magnetic Stimulation (rTMS) in the Treatment of Depression.",Add special-population branching in training.,Evidence from general adult MDD should not be applied automatically.,ready_for_training_draft_after_full_text_QA
PRO-011,Protocol Literacy,patient_and_technician,How should placebo and expectancy be discussed?,"Expectancy and placebo-related effects can influence mood and treatment experience, but they do not make TMS 'just placebo'.","Expectations can affect how treatment feels, but TMS also has protocol-specific biological effects being studied and used clinically.","Use balanced language: optimistic, accurate, and free of guaranteed outcomes.",moderate,42090145; 28541649; 17573044,42090145: Intermittent Theta Burst Stimulation of the Dorsomedial PFC and Expectancy-Driven Placebo Mood Effects: A Randomized Clinical Trial. | 28541649: Consensus Recommendations for the Clinical Application of Repetitive Transcranial Magnetic Stimulation (rTMS) in the Treatment of Depression. | 17573044: Efficacy and safety of transcranial magnetic stimulation in the acute treatment of major depression: a multisite randomized controlled trial.,Train neutral expectation-setting.,Placebo-control designs differ across protocols and devices.,ready_for_training_draft_after_full_text_QA
PRO-012,Protocol Literacy,technician,How should FDA clearance and literature evidence be separated?,"Regulatory clearance, payer coverage, guideline support, and research evidence are related but distinct categories.","Whether a protocol is offered depends on evidence, approval status, coverage, and clinician judgment.","Training content should label each protocol as clinic-approved, guideline-supported, FDA-cleared where applicable, or investigational.",strong,31901449; 28541649; 33243615,"31901449: Evidence-based guidelines on the therapeutic use of repetitive transcranial magnetic stimulation (rTMS): An update (2014-2018). | 28541649: Consensus Recommendations for the Clinical Application of Repetitive Transcranial Magnetic Stimulation (rTMS) in the Treatment of Depression. | 33243615: Safety and recommendations for TMS use in healthy subjects and patient populations, with updates on training, ethical and regulatory issues: Expert Guidelines.",Add evidence-status labels to protocol cards.,"Regulatory status must be verified from FDA/device sources, not PubMed alone.",ready_for_training_draft_after_full_text_QA
MEAS-005,"Future Expansion: fNIRS, EEG, qEEG, TMS-EEG",technician,What is the main artifact risk in TMS-EEG?,"TMS-EEG is vulnerable to large pulse-related, muscle, auditory, somatosensory, and equipment artifacts that can dominate the measured signal if not controlled.","When EEG is combined with TMS, the team has to separate brain signals from stimulation-related noise.","Artifact control starts before analysis: cap preparation, coil positioning, hearing masking/ear protection, impedance, and motion control matter.",moderate,42055012; 42066923,42055012: Effective correction of extreme capacitive artifacts in TMS-EEG via windowed detrending. | 42066923: Exploratory decoding of TMS-EEG: Predicting TEP response to intermittent and continuous theta burst stimulation.,Build a TMS-EEG artifact checklist.,Preprocessing decisions can change interpretation.,ready_for_training_draft_after_full_text_QA
MEAS-006,"Future Expansion: fNIRS, EEG, qEEG, TMS-EEG",technician,Who should interpret qEEG or biomarker outputs?,"Biomarker outputs should be interpreted by qualified clinicians or researchers within a validated workflow, not by technicians from raw displays alone.",Specialized brain-signal results need expert interpretation.,"Technician responsibilities should focus on high-quality acquisition, artifact notes, and escalation of technical issues.",strong,41483580; 33243615,"41483580: EEG biomarkers for a precision-medicine approach to noninvasive brain stimulation for major depressive disorder. | 33243615: Safety and recommendations for TMS use in healthy subjects and patient populations, with updates on training, ethical and regulatory issues: Expert Guidelines.",Define acquisition versus interpretation roles.,Local credentialing and device claims may vary.,ready_for_training_draft_after_full_text_QA
MEAS-007,"Future Expansion: fNIRS, EEG, qEEG, TMS-EEG",technician,What makes fNIRS quality fragile?,"fNIRS signal quality can be affected by optode contact, hair, motion, superficial blood flow, ambient light, and task timing.",Good sensor contact and staying still help the recording quality.,"Training should include optode placement, signal-quality checks, motion notes, and exclusion criteria.",limited,41478613; 42055949,"41478613: Temporal variation of brain hemodynamics with accelerated iTBS for depression: A single-case concurrent TMS/fNIRS study. | 42055949: Functional near-infrared spectroscopy assessment of the effects of transcranial direct current stimulation combined with transcranial magnetic stimulation on dynamic functional networks in patients with chronic insomnia: randomised, double-blind, parallel-group, controlled clinical trial.",Do fNIRS dry runs before using it in a treatment workflow.,TMS/fNIRS evidence in psychiatric treatment is still early.,ready_for_training_draft_after_full_text_QA
MEAS-008,"Future Expansion: fNIRS, EEG, qEEG, TMS-EEG",technician,How should data privacy be handled for added measurement tools?,"Adding EEG, qEEG, fNIRS, imaging, or biomarker data increases privacy, storage, and interpretation responsibilities beyond routine treatment logs.",Additional brain measurements create additional health data that must be handled carefully.,"Know consent status, file naming, storage location, access limits, and whether data are clinical or research records.",clinic-policy-dependent,33243615,"33243615: Safety and recommendations for TMS use in healthy subjects and patient populations, with updates on training, ethical and regulatory issues: Expert Guidelines.",Add data-governance training before multimodal expansion.,This requires local privacy/legal policy beyond PubMed evidence.,ready_for_training_draft_after_full_text_QA
MEAS-009,"Future Expansion: fNIRS, EEG, qEEG, TMS-EEG",technician,When should multimodal measurement be added?,"Multimodal measurement should be added only when there is a defined clinical, QA, or research question and a plan for acting on or interpreting the data.","Extra measurements should have a clear purpose, not just create more data.","Every added modality needs a decision pathway, artifact policy, and responsible interpreter.",strong,41483580; 42055012; 42066923,41483580: EEG biomarkers for a precision-medicine approach to noninvasive brain stimulation for major depressive disorder. | 42055012: Effective correction of extreme capacitive artifacts in TMS-EEG via windowed detrending. | 42066923: Exploratory decoding of TMS-EEG: Predicting TEP response to intermittent and continuous theta burst stimulation.,Require a modality purpose statement in future modules.,Exploratory research protocols can collect data without immediate clinical action if consented and governed appropriately.,ready_for_training_draft_after_full_text_QA
