search_date,database,lane,count_reported,pmids_returned,query,query_translation,search_url
2026-05-29,PubMed,master_tms_not_animal_only,27325,27325,"(""Transcranial Magnetic Stimulation""[Mesh] OR ""transcranial magnetic stimulation""[tiab] OR ""transcranial magnetic stimulations""[tiab] OR ""repetitive transcranial magnetic stimulation""[tiab] OR ""repetitive TMS""[tiab] OR rTMS[tiab] OR ""theta burst stimulation""[tiab] OR ""intermittent theta burst stimulation""[tiab] OR iTBS[tiab] OR cTBS[tiab] OR ""deep transcranial magnetic stimulation""[tiab] OR dTMS[tiab]) NOT (animals[mh] NOT humans[mh])","(""Transcranial Magnetic Stimulation""[MeSH Terms] OR ""Transcranial Magnetic Stimulation""[Title/Abstract] OR ""transcranial magnetic stimulations""[Title/Abstract] OR ""repetitive transcranial magnetic stimulation""[Title/Abstract] OR ""repetitive TMS""[Title/Abstract] OR ""rTMS""[Title/Abstract] OR ""theta burst stimulation""[Title/Abstract] OR ""intermittent theta burst stimulation""[Title/Abstract] OR ""iTBS""[Title/Abstract] OR ""cTBS""[Title/Abstract] OR ""deep transcranial magnetic stimulation""[Title/Abstract] OR ""dTMS""[Title/Abstract]) NOT (""animals""[MeSH Terms] NOT ""humans""[MeSH Terms])",https://eutils.ncbi.nlm.nih.gov/entrez/eutils/esearch.fcgi?db=pubmed&term=%28%22Transcranial+Magnetic+Stimulation%22%5BMesh%5D+OR+%22transcranial+magnetic+stimulation%22%5Btiab%5D+OR+%22transcranial+magnetic+stimulations%22%5Btiab%5D+OR+%22repetitive+transcranial+magnetic+stimulation%22%5Btiab%5D+OR+%22repetitive+TMS%22%5Btiab%5D+OR+rTMS%5Btiab%5D+OR+%22theta+burst+stimulation%22%5Btiab%5D+OR+%22intermittent+theta+burst+stimulation%22%5Btiab%5D+OR+iTBS%5Btiab%5D+OR+cTBS%5Btiab%5D+OR+%22deep+transcranial+magnetic+stimulation%22%5Btiab%5D+OR+dTMS%5Btiab%5D%29+NOT+%28animals%5Bmh%5D+NOT+humans%5Bmh%5D%29
2026-05-29,PubMed,mechanisms_neuroplasticity,11921,11921,"(""Transcranial Magnetic Stimulation""[Mesh] OR ""transcranial magnetic stimulation""[tiab] OR ""transcranial magnetic stimulations""[tiab] OR ""repetitive transcranial magnetic stimulation""[tiab] OR ""repetitive TMS""[tiab] OR rTMS[tiab] OR ""theta burst stimulation""[tiab] OR ""intermittent theta burst stimulation""[tiab] OR iTBS[tiab] OR cTBS[tiab] OR ""deep transcranial magnetic stimulation""[tiab] OR dTMS[tiab]) NOT (animals[mh] NOT humans[mh]) AND (mechanism*[tiab] OR neuroplasticity[tiab] OR plasticity[tiab] OR ""cortical excitability""[tiab] OR ""synaptic plasticity""[tiab] OR ""long-term potentiation""[tiab] OR LTP[tiab] OR ""long-term depression""[tiab] OR LTD[tiab] OR network*[tiab] OR connectivity[tiab] OR ""electric field""[tiab] OR E-field[tiab])","((""Transcranial Magnetic Stimulation""[MeSH Terms] OR ""Transcranial Magnetic Stimulation""[Title/Abstract] OR ""transcranial magnetic stimulations""[Title/Abstract] OR ""repetitive transcranial magnetic stimulation""[Title/Abstract] OR ""repetitive TMS""[Title/Abstract] OR ""rTMS""[Title/Abstract] OR ""theta burst stimulation""[Title/Abstract] OR ""intermittent theta burst stimulation""[Title/Abstract] OR ""iTBS""[Title/Abstract] OR ""cTBS""[Title/Abstract] OR ""deep transcranial magnetic stimulation""[Title/Abstract] OR ""dTMS""[Title/Abstract]) NOT (""animals""[MeSH Terms] NOT ""humans""[MeSH Terms])) AND (""mechanism*""[Title/Abstract] OR ""neuroplasticity""[Title/Abstract] OR ""plasticity""[Title/Abstract] OR ""cortical excitability""[Title/Abstract] OR ""synaptic plasticity""[Title/Abstract] OR ""long-term potentiation""[Title/Abstract] OR ""LTP""[Title/Abstract] OR ""long-term depression""[Title/Abstract] OR ""LTD""[Title/Abstract] OR ""network*""[Title/Abstract] OR ""connectivity""[Title/Abstract] OR ""electric field""[Title/Abstract] OR ""E-field""[Title/Abstract])",https://eutils.ncbi.nlm.nih.gov/entrez/eutils/esearch.fcgi?db=pubmed&term=%28%22Transcranial+Magnetic+Stimulation%22%5BMesh%5D+OR+%22transcranial+magnetic+stimulation%22%5Btiab%5D+OR+%22transcranial+magnetic+stimulations%22%5Btiab%5D+OR+%22repetitive+transcranial+magnetic+stimulation%22%5Btiab%5D+OR+%22repetitive+TMS%22%5Btiab%5D+OR+rTMS%5Btiab%5D+OR+%22theta+burst+stimulation%22%5Btiab%5D+OR+%22intermittent+theta+burst+stimulation%22%5Btiab%5D+OR+iTBS%5Btiab%5D+OR+cTBS%5Btiab%5D+OR+%22deep+transcranial+magnetic+stimulation%22%5Btiab%5D+OR+dTMS%5Btiab%5D%29+NOT+%28animals%5Bmh%5D+NOT+humans%5Bmh%5D%29+AND+%28mechanism%2A%5Btiab%5D+OR+neuroplasticity%5Btiab%5D+OR+plasticity%5Btiab%5D+OR+%22cortical+excitability%22%5Btiab%5D+OR+%22synaptic+plasticity%22%5Btiab%5D+OR+%22long-term+potentiation%22%5Btiab%5D+OR+LTP%5Btiab%5D+OR+%22long-term+depression%22%5Btiab%5D+OR+LTD%5Btiab%5D+OR+network%2A%5Btiab%5D+OR+connectivity%5Btiab%5D+OR+%22electric+field%22%5Btiab%5D+OR+E-field%5Btiab%5D%29
2026-05-29,PubMed,safety_side_effects_sensations,4976,4976,"(""Transcranial Magnetic Stimulation""[Mesh] OR ""transcranial magnetic stimulation""[tiab] OR ""transcranial magnetic stimulations""[tiab] OR ""repetitive transcranial magnetic stimulation""[tiab] OR ""repetitive TMS""[tiab] OR rTMS[tiab] OR ""theta burst stimulation""[tiab] OR ""intermittent theta burst stimulation""[tiab] OR iTBS[tiab] OR cTBS[tiab] OR ""deep transcranial magnetic stimulation""[tiab] OR dTMS[tiab]) NOT (animals[mh] NOT humans[mh]) AND (safety[tiab] OR adverse[tiab] OR adverse-effects[tiab] OR ""side effect""[tiab] OR ""side effects""[tiab] OR seizure*[tiab] OR headache[tiab] OR pain[tiab] OR discomfort[tiab] OR tolerability[tiab] OR hearing[tiab] OR mania[tiab] OR syncope[tiab] OR sensation*[tiab])","((""Transcranial Magnetic Stimulation""[MeSH Terms] OR ""Transcranial Magnetic Stimulation""[Title/Abstract] OR ""transcranial magnetic stimulations""[Title/Abstract] OR ""repetitive transcranial magnetic stimulation""[Title/Abstract] OR ""repetitive TMS""[Title/Abstract] OR ""rTMS""[Title/Abstract] OR ""theta burst stimulation""[Title/Abstract] OR ""intermittent theta burst stimulation""[Title/Abstract] OR ""iTBS""[Title/Abstract] OR ""cTBS""[Title/Abstract] OR ""deep transcranial magnetic stimulation""[Title/Abstract] OR ""dTMS""[Title/Abstract]) NOT (""animals""[MeSH Terms] NOT ""humans""[MeSH Terms])) AND (""safety""[Title/Abstract] OR ""adverse""[Title/Abstract] OR ""adverse-effects""[Title/Abstract] OR ""side effect""[Title/Abstract] OR ""side effects""[Title/Abstract] OR ""seizure*""[Title/Abstract] OR ""headache""[Title/Abstract] OR ""pain""[Title/Abstract] OR ""discomfort""[Title/Abstract] OR ""tolerability""[Title/Abstract] OR ""hearing""[Title/Abstract] OR ""mania""[Title/Abstract] OR ""syncope""[Title/Abstract] OR ""sensation*""[Title/Abstract])",https://eutils.ncbi.nlm.nih.gov/entrez/eutils/esearch.fcgi?db=pubmed&term=%28%22Transcranial+Magnetic+Stimulation%22%5BMesh%5D+OR+%22transcranial+magnetic+stimulation%22%5Btiab%5D+OR+%22transcranial+magnetic+stimulations%22%5Btiab%5D+OR+%22repetitive+transcranial+magnetic+stimulation%22%5Btiab%5D+OR+%22repetitive+TMS%22%5Btiab%5D+OR+rTMS%5Btiab%5D+OR+%22theta+burst+stimulation%22%5Btiab%5D+OR+%22intermittent+theta+burst+stimulation%22%5Btiab%5D+OR+iTBS%5Btiab%5D+OR+cTBS%5Btiab%5D+OR+%22deep+transcranial+magnetic+stimulation%22%5Btiab%5D+OR+dTMS%5Btiab%5D%29+NOT+%28animals%5Bmh%5D+NOT+humans%5Bmh%5D%29+AND+%28safety%5Btiab%5D+OR+adverse%5Btiab%5D+OR+adverse-effects%5Btiab%5D+OR+%22side+effect%22%5Btiab%5D+OR+%22side+effects%22%5Btiab%5D+OR+seizure%2A%5Btiab%5D+OR+headache%5Btiab%5D+OR+pain%5Btiab%5D+OR+discomfort%5Btiab%5D+OR+tolerability%5Btiab%5D+OR+hearing%5Btiab%5D+OR+mania%5Btiab%5D+OR+syncope%5Btiab%5D+OR+sensation%2A%5Btiab%5D%29
2026-05-29,PubMed,patient_experience_adherence_state,1683,1683,"(""Transcranial Magnetic Stimulation""[Mesh] OR ""transcranial magnetic stimulation""[tiab] OR ""transcranial magnetic stimulations""[tiab] OR ""repetitive transcranial magnetic stimulation""[tiab] OR ""repetitive TMS""[tiab] OR rTMS[tiab] OR ""theta burst stimulation""[tiab] OR ""intermittent theta burst stimulation""[tiab] OR iTBS[tiab] OR cTBS[tiab] OR ""deep transcranial magnetic stimulation""[tiab] OR dTMS[tiab]) NOT (animals[mh] NOT humans[mh]) AND (adherence[tiab] OR compliance[tiab] OR dropout[tiab] OR acceptability[tiab] OR expectancy[tiab] OR ""patient education""[tiab] OR ""patient experience""[tiab] OR anxiety[tiab] OR comfort[tiab] OR tolerability[tiab] OR ""treatment protocol""[tiab])","((""Transcranial Magnetic Stimulation""[MeSH Terms] OR ""Transcranial Magnetic Stimulation""[Title/Abstract] OR ""transcranial magnetic stimulations""[Title/Abstract] OR ""repetitive transcranial magnetic stimulation""[Title/Abstract] OR ""repetitive TMS""[Title/Abstract] OR ""rTMS""[Title/Abstract] OR ""theta burst stimulation""[Title/Abstract] OR ""intermittent theta burst stimulation""[Title/Abstract] OR ""iTBS""[Title/Abstract] OR ""cTBS""[Title/Abstract] OR ""deep transcranial magnetic stimulation""[Title/Abstract] OR ""dTMS""[Title/Abstract]) NOT (""animals""[MeSH Terms] NOT ""humans""[MeSH Terms])) AND (""adherence""[Title/Abstract] OR ""compliance""[Title/Abstract] OR ""dropout""[Title/Abstract] OR ""acceptability""[Title/Abstract] OR ""expectancy""[Title/Abstract] OR ""patient education""[Title/Abstract] OR ""patient experience""[Title/Abstract] OR ""anxiety""[Title/Abstract] OR ""comfort""[Title/Abstract] OR ""tolerability""[Title/Abstract] OR ""treatment protocol""[Title/Abstract])",https://eutils.ncbi.nlm.nih.gov/entrez/eutils/esearch.fcgi?db=pubmed&term=%28%22Transcranial+Magnetic+Stimulation%22%5BMesh%5D+OR+%22transcranial+magnetic+stimulation%22%5Btiab%5D+OR+%22transcranial+magnetic+stimulations%22%5Btiab%5D+OR+%22repetitive+transcranial+magnetic+stimulation%22%5Btiab%5D+OR+%22repetitive+TMS%22%5Btiab%5D+OR+rTMS%5Btiab%5D+OR+%22theta+burst+stimulation%22%5Btiab%5D+OR+%22intermittent+theta+burst+stimulation%22%5Btiab%5D+OR+iTBS%5Btiab%5D+OR+cTBS%5Btiab%5D+OR+%22deep+transcranial+magnetic+stimulation%22%5Btiab%5D+OR+dTMS%5Btiab%5D%29+NOT+%28animals%5Bmh%5D+NOT+humans%5Bmh%5D%29+AND+%28adherence%5Btiab%5D+OR+compliance%5Btiab%5D+OR+dropout%5Btiab%5D+OR+acceptability%5Btiab%5D+OR+expectancy%5Btiab%5D+OR+%22patient+education%22%5Btiab%5D+OR+%22patient+experience%22%5Btiab%5D+OR+anxiety%5Btiab%5D+OR+comfort%5Btiab%5D+OR+tolerability%5Btiab%5D+OR+%22treatment+protocol%22%5Btiab%5D%29
2026-05-29,PubMed,medication_sleep_caffeine_state,7086,7086,"(""Transcranial Magnetic Stimulation""[Mesh] OR ""transcranial magnetic stimulation""[tiab] OR ""transcranial magnetic stimulations""[tiab] OR ""repetitive transcranial magnetic stimulation""[tiab] OR ""repetitive TMS""[tiab] OR rTMS[tiab] OR ""theta burst stimulation""[tiab] OR ""intermittent theta burst stimulation""[tiab] OR iTBS[tiab] OR cTBS[tiab] OR ""deep transcranial magnetic stimulation""[tiab] OR dTMS[tiab]) NOT (animals[mh] NOT humans[mh]) AND (caffeine[tiab] OR sleep[tiab] OR insomnia[tiab] OR medication*[tiab] OR antidepressant*[tiab] OR benzodiazepine*[tiab] OR anticonvulsant*[tiab] OR antiepileptic*[tiab] OR nicotine[tiab] OR alcohol[tiab] OR ""cortical excitability""[tiab] OR ""motor threshold""[tiab])","((""Transcranial Magnetic Stimulation""[MeSH Terms] OR ""Transcranial Magnetic Stimulation""[Title/Abstract] OR ""transcranial magnetic stimulations""[Title/Abstract] OR ""repetitive transcranial magnetic stimulation""[Title/Abstract] OR ""repetitive TMS""[Title/Abstract] OR ""rTMS""[Title/Abstract] OR ""theta burst stimulation""[Title/Abstract] OR ""intermittent theta burst stimulation""[Title/Abstract] OR ""iTBS""[Title/Abstract] OR ""cTBS""[Title/Abstract] OR ""deep transcranial magnetic stimulation""[Title/Abstract] OR ""dTMS""[Title/Abstract]) NOT (""animals""[MeSH Terms] NOT ""humans""[MeSH Terms])) AND (""caffeine""[Title/Abstract] OR ""sleep""[Title/Abstract] OR ""insomnia""[Title/Abstract] OR ""medication*""[Title/Abstract] OR ""antidepressant*""[Title/Abstract] OR ""benzodiazepine*""[Title/Abstract] OR ""anticonvulsant*""[Title/Abstract] OR ""antiepileptic*""[Title/Abstract] OR ""nicotine""[Title/Abstract] OR ""alcohol""[Title/Abstract] OR ""cortical excitability""[Title/Abstract] OR ""motor threshold""[Title/Abstract])",https://eutils.ncbi.nlm.nih.gov/entrez/eutils/esearch.fcgi?db=pubmed&term=%28%22Transcranial+Magnetic+Stimulation%22%5BMesh%5D+OR+%22transcranial+magnetic+stimulation%22%5Btiab%5D+OR+%22transcranial+magnetic+stimulations%22%5Btiab%5D+OR+%22repetitive+transcranial+magnetic+stimulation%22%5Btiab%5D+OR+%22repetitive+TMS%22%5Btiab%5D+OR+rTMS%5Btiab%5D+OR+%22theta+burst+stimulation%22%5Btiab%5D+OR+%22intermittent+theta+burst+stimulation%22%5Btiab%5D+OR+iTBS%5Btiab%5D+OR+cTBS%5Btiab%5D+OR+%22deep+transcranial+magnetic+stimulation%22%5Btiab%5D+OR+dTMS%5Btiab%5D%29+NOT+%28animals%5Bmh%5D+NOT+humans%5Bmh%5D%29+AND+%28caffeine%5Btiab%5D+OR+sleep%5Btiab%5D+OR+insomnia%5Btiab%5D+OR+medication%2A%5Btiab%5D+OR+antidepressant%2A%5Btiab%5D+OR+benzodiazepine%2A%5Btiab%5D+OR+anticonvulsant%2A%5Btiab%5D+OR+antiepileptic%2A%5Btiab%5D+OR+nicotine%5Btiab%5D+OR+alcohol%5Btiab%5D+OR+%22cortical+excitability%22%5Btiab%5D+OR+%22motor+threshold%22%5Btiab%5D%29
2026-05-29,PubMed,technician_equipment_localization,10753,10753,"(""Transcranial Magnetic Stimulation""[Mesh] OR ""transcranial magnetic stimulation""[tiab] OR ""transcranial magnetic stimulations""[tiab] OR ""repetitive transcranial magnetic stimulation""[tiab] OR ""repetitive TMS""[tiab] OR rTMS[tiab] OR ""theta burst stimulation""[tiab] OR ""intermittent theta burst stimulation""[tiab] OR iTBS[tiab] OR cTBS[tiab] OR ""deep transcranial magnetic stimulation""[tiab] OR dTMS[tiab]) NOT (animals[mh] NOT humans[mh]) AND (""motor threshold""[tiab] OR ""resting motor threshold""[tiab] OR RMT[tiab] OR coil[tiab] OR neuronavigation[tiab] OR localization[tiab] OR localisation[tiab] OR ""Beam F3""[tiab] OR ""5 cm""[tiab] OR scalp[tiab] OR DLPFC[tiab] OR target*[tiab] OR ""stimulation intensity""[tiab] OR operator[tiab] OR technician[tiab] OR training[tiab])","((""Transcranial Magnetic Stimulation""[MeSH Terms] OR ""Transcranial Magnetic Stimulation""[Title/Abstract] OR ""transcranial magnetic stimulations""[Title/Abstract] OR ""repetitive transcranial magnetic stimulation""[Title/Abstract] OR ""repetitive TMS""[Title/Abstract] OR ""rTMS""[Title/Abstract] OR ""theta burst stimulation""[Title/Abstract] OR ""intermittent theta burst stimulation""[Title/Abstract] OR ""iTBS""[Title/Abstract] OR ""cTBS""[Title/Abstract] OR ""deep transcranial magnetic stimulation""[Title/Abstract] OR ""dTMS""[Title/Abstract]) NOT (""animals""[MeSH Terms] NOT ""humans""[MeSH Terms])) AND (""motor threshold""[Title/Abstract] OR ""resting motor threshold""[Title/Abstract] OR ""RMT""[Title/Abstract] OR ""coil""[Title/Abstract] OR ""neuronavigation""[Title/Abstract] OR ""localization""[Title/Abstract] OR ""localisation""[Title/Abstract] OR ""Beam F3""[Title/Abstract] OR ""5 cm""[Title/Abstract] OR ""scalp""[Title/Abstract] OR ""DLPFC""[Title/Abstract] OR ""target*""[Title/Abstract] OR ""stimulation intensity""[Title/Abstract] OR ""operator""[Title/Abstract] OR ""technician""[Title/Abstract] OR ""training""[Title/Abstract])",https://eutils.ncbi.nlm.nih.gov/entrez/eutils/esearch.fcgi?db=pubmed&term=%28%22Transcranial+Magnetic+Stimulation%22%5BMesh%5D+OR+%22transcranial+magnetic+stimulation%22%5Btiab%5D+OR+%22transcranial+magnetic+stimulations%22%5Btiab%5D+OR+%22repetitive+transcranial+magnetic+stimulation%22%5Btiab%5D+OR+%22repetitive+TMS%22%5Btiab%5D+OR+rTMS%5Btiab%5D+OR+%22theta+burst+stimulation%22%5Btiab%5D+OR+%22intermittent+theta+burst+stimulation%22%5Btiab%5D+OR+iTBS%5Btiab%5D+OR+cTBS%5Btiab%5D+OR+%22deep+transcranial+magnetic+stimulation%22%5Btiab%5D+OR+dTMS%5Btiab%5D%29+NOT+%28animals%5Bmh%5D+NOT+humans%5Bmh%5D%29+AND+%28%22motor+threshold%22%5Btiab%5D+OR+%22resting+motor+threshold%22%5Btiab%5D+OR+RMT%5Btiab%5D+OR+coil%5Btiab%5D+OR+neuronavigation%5Btiab%5D+OR+localization%5Btiab%5D+OR+localisation%5Btiab%5D+OR+%22Beam+F3%22%5Btiab%5D+OR+%225+cm%22%5Btiab%5D+OR+scalp%5Btiab%5D+OR+DLPFC%5Btiab%5D+OR+target%2A%5Btiab%5D+OR+%22stimulation+intensity%22%5Btiab%5D+OR+operator%5Btiab%5D+OR+technician%5Btiab%5D+OR+training%5Btiab%5D%29
2026-05-29,PubMed,dosing_protocol_variants,9797,9797,"(""Transcranial Magnetic Stimulation""[Mesh] OR ""transcranial magnetic stimulation""[tiab] OR ""transcranial magnetic stimulations""[tiab] OR ""repetitive transcranial magnetic stimulation""[tiab] OR ""repetitive TMS""[tiab] OR rTMS[tiab] OR ""theta burst stimulation""[tiab] OR ""intermittent theta burst stimulation""[tiab] OR iTBS[tiab] OR cTBS[tiab] OR ""deep transcranial magnetic stimulation""[tiab] OR dTMS[tiab]) NOT (animals[mh] NOT humans[mh]) AND (dose[tiab] OR dosing[tiab] OR protocol*[tiab] OR ""high frequency""[tiab] OR ""low frequency""[tiab] OR bilateral[tiab] OR accelerated[tiab] OR ""theta burst""[tiab] OR iTBS[tiab] OR cTBS[tiab] OR ""deep TMS""[tiab] OR dTMS[tiab])","((""Transcranial Magnetic Stimulation""[MeSH Terms] OR ""Transcranial Magnetic Stimulation""[Title/Abstract] OR ""transcranial magnetic stimulations""[Title/Abstract] OR ""repetitive transcranial magnetic stimulation""[Title/Abstract] OR ""repetitive TMS""[Title/Abstract] OR ""rTMS""[Title/Abstract] OR ""theta burst stimulation""[Title/Abstract] OR ""intermittent theta burst stimulation""[Title/Abstract] OR ""iTBS""[Title/Abstract] OR ""cTBS""[Title/Abstract] OR ""deep transcranial magnetic stimulation""[Title/Abstract] OR ""dTMS""[Title/Abstract]) NOT (""animals""[MeSH Terms] NOT ""humans""[MeSH Terms])) AND (""dose""[Title/Abstract] OR ""dosing""[Title/Abstract] OR ""protocol*""[Title/Abstract] OR ""high frequency""[Title/Abstract] OR ""low frequency""[Title/Abstract] OR ""bilateral""[Title/Abstract] OR ""accelerated""[Title/Abstract] OR ""theta burst""[Title/Abstract] OR ""iTBS""[Title/Abstract] OR ""cTBS""[Title/Abstract] OR ""deep TMS""[Title/Abstract] OR ""dTMS""[Title/Abstract])",https://eutils.ncbi.nlm.nih.gov/entrez/eutils/esearch.fcgi?db=pubmed&term=%28%22Transcranial+Magnetic+Stimulation%22%5BMesh%5D+OR+%22transcranial+magnetic+stimulation%22%5Btiab%5D+OR+%22transcranial+magnetic+stimulations%22%5Btiab%5D+OR+%22repetitive+transcranial+magnetic+stimulation%22%5Btiab%5D+OR+%22repetitive+TMS%22%5Btiab%5D+OR+rTMS%5Btiab%5D+OR+%22theta+burst+stimulation%22%5Btiab%5D+OR+%22intermittent+theta+burst+stimulation%22%5Btiab%5D+OR+iTBS%5Btiab%5D+OR+cTBS%5Btiab%5D+OR+%22deep+transcranial+magnetic+stimulation%22%5Btiab%5D+OR+dTMS%5Btiab%5D%29+NOT+%28animals%5Bmh%5D+NOT+humans%5Bmh%5D%29+AND+%28dose%5Btiab%5D+OR+dosing%5Btiab%5D+OR+protocol%2A%5Btiab%5D+OR+%22high+frequency%22%5Btiab%5D+OR+%22low+frequency%22%5Btiab%5D+OR+bilateral%5Btiab%5D+OR+accelerated%5Btiab%5D+OR+%22theta+burst%22%5Btiab%5D+OR+iTBS%5Btiab%5D+OR+cTBS%5Btiab%5D+OR+%22deep+TMS%22%5Btiab%5D+OR+dTMS%5Btiab%5D%29
2026-05-29,PubMed,fnirs_eeg_qeeg_biomarkers,4189,4189,"(""Transcranial Magnetic Stimulation""[Mesh] OR ""transcranial magnetic stimulation""[tiab] OR ""transcranial magnetic stimulations""[tiab] OR ""repetitive transcranial magnetic stimulation""[tiab] OR ""repetitive TMS""[tiab] OR rTMS[tiab] OR ""theta burst stimulation""[tiab] OR ""intermittent theta burst stimulation""[tiab] OR iTBS[tiab] OR cTBS[tiab] OR ""deep transcranial magnetic stimulation""[tiab] OR dTMS[tiab]) NOT (animals[mh] NOT humans[mh]) AND (fNIRS[tiab] OR ""functional near-infrared spectroscopy""[tiab] OR ""near infrared spectroscopy""[tiab] OR EEG[tiab] OR qEEG[tiab] OR ""quantitative EEG""[tiab] OR ""TMS-EEG""[tiab] OR biomarker*[tiab] OR neuroimaging[tiab])","((""Transcranial Magnetic Stimulation""[MeSH Terms] OR ""Transcranial Magnetic Stimulation""[Title/Abstract] OR ""transcranial magnetic stimulations""[Title/Abstract] OR ""repetitive transcranial magnetic stimulation""[Title/Abstract] OR ""repetitive TMS""[Title/Abstract] OR ""rTMS""[Title/Abstract] OR ""theta burst stimulation""[Title/Abstract] OR ""intermittent theta burst stimulation""[Title/Abstract] OR ""iTBS""[Title/Abstract] OR ""cTBS""[Title/Abstract] OR ""deep transcranial magnetic stimulation""[Title/Abstract] OR ""dTMS""[Title/Abstract]) NOT (""animals""[MeSH Terms] NOT ""humans""[MeSH Terms])) AND (""fNIRS""[Title/Abstract] OR ""functional near-infrared spectroscopy""[Title/Abstract] OR ""near infrared spectroscopy""[Title/Abstract] OR ""EEG""[Title/Abstract] OR ""qEEG""[Title/Abstract] OR ""quantitative EEG""[Title/Abstract] OR ""TMS-EEG""[Title/Abstract] OR ""biomarker*""[Title/Abstract] OR ""neuroimaging""[Title/Abstract])",https://eutils.ncbi.nlm.nih.gov/entrez/eutils/esearch.fcgi?db=pubmed&term=%28%22Transcranial+Magnetic+Stimulation%22%5BMesh%5D+OR+%22transcranial+magnetic+stimulation%22%5Btiab%5D+OR+%22transcranial+magnetic+stimulations%22%5Btiab%5D+OR+%22repetitive+transcranial+magnetic+stimulation%22%5Btiab%5D+OR+%22repetitive+TMS%22%5Btiab%5D+OR+rTMS%5Btiab%5D+OR+%22theta+burst+stimulation%22%5Btiab%5D+OR+%22intermittent+theta+burst+stimulation%22%5Btiab%5D+OR+iTBS%5Btiab%5D+OR+cTBS%5Btiab%5D+OR+%22deep+transcranial+magnetic+stimulation%22%5Btiab%5D+OR+dTMS%5Btiab%5D%29+NOT+%28animals%5Bmh%5D+NOT+humans%5Bmh%5D%29+AND+%28fNIRS%5Btiab%5D+OR+%22functional+near-infrared+spectroscopy%22%5Btiab%5D+OR+%22near+infrared+spectroscopy%22%5Btiab%5D+OR+EEG%5Btiab%5D+OR+qEEG%5Btiab%5D+OR+%22quantitative+EEG%22%5Btiab%5D+OR+%22TMS-EEG%22%5Btiab%5D+OR+biomarker%2A%5Btiab%5D+OR+neuroimaging%5Btiab%5D%29
2026-05-29,PubMed,guidelines_consensus_reviews,5655,5655,"(""Transcranial Magnetic Stimulation""[Mesh] OR ""transcranial magnetic stimulation""[tiab] OR ""transcranial magnetic stimulations""[tiab] OR ""repetitive transcranial magnetic stimulation""[tiab] OR ""repetitive TMS""[tiab] OR rTMS[tiab] OR ""theta burst stimulation""[tiab] OR ""intermittent theta burst stimulation""[tiab] OR iTBS[tiab] OR cTBS[tiab] OR ""deep transcranial magnetic stimulation""[tiab] OR dTMS[tiab]) NOT (animals[mh] NOT humans[mh]) AND (guideline[pt] OR practice-guideline[pt] OR review[pt] OR systematic-review[pt] OR meta-analysis[pt] OR guideline*[tiab] OR consensus[tiab] OR ""clinical practice""[tiab])","((""Transcranial Magnetic Stimulation""[MeSH Terms] OR ""Transcranial Magnetic Stimulation""[Title/Abstract] OR ""transcranial magnetic stimulations""[Title/Abstract] OR ""repetitive transcranial magnetic stimulation""[Title/Abstract] OR ""repetitive TMS""[Title/Abstract] OR ""rTMS""[Title/Abstract] OR ""theta burst stimulation""[Title/Abstract] OR ""intermittent theta burst stimulation""[Title/Abstract] OR ""iTBS""[Title/Abstract] OR ""cTBS""[Title/Abstract] OR ""deep transcranial magnetic stimulation""[Title/Abstract] OR ""dTMS""[Title/Abstract]) NOT (""animals""[MeSH Terms] NOT ""humans""[MeSH Terms])) AND (""guideline""[Publication Type] OR ""practice-guideline""[Publication Type] OR ""review""[Publication Type] OR ""systematic-review""[Publication Type] OR ""meta-analysis""[Publication Type] OR ""guideline*""[Title/Abstract] OR ""consensus""[Title/Abstract] OR ""clinical practice""[Title/Abstract])",https://eutils.ncbi.nlm.nih.gov/entrez/eutils/esearch.fcgi?db=pubmed&term=%28%22Transcranial+Magnetic+Stimulation%22%5BMesh%5D+OR+%22transcranial+magnetic+stimulation%22%5Btiab%5D+OR+%22transcranial+magnetic+stimulations%22%5Btiab%5D+OR+%22repetitive+transcranial+magnetic+stimulation%22%5Btiab%5D+OR+%22repetitive+TMS%22%5Btiab%5D+OR+rTMS%5Btiab%5D+OR+%22theta+burst+stimulation%22%5Btiab%5D+OR+%22intermittent+theta+burst+stimulation%22%5Btiab%5D+OR+iTBS%5Btiab%5D+OR+cTBS%5Btiab%5D+OR+%22deep+transcranial+magnetic+stimulation%22%5Btiab%5D+OR+dTMS%5Btiab%5D%29+NOT+%28animals%5Bmh%5D+NOT+humans%5Bmh%5D%29+AND+%28guideline%5Bpt%5D+OR+practice-guideline%5Bpt%5D+OR+review%5Bpt%5D+OR+systematic-review%5Bpt%5D+OR+meta-analysis%5Bpt%5D+OR+guideline%2A%5Btiab%5D+OR+consensus%5Btiab%5D+OR+%22clinical+practice%22%5Btiab%5D%29
2026-05-29,PubMed,clinical_depression_protocols,1867,1867,"(""Transcranial Magnetic Stimulation""[Mesh] OR ""transcranial magnetic stimulation""[tiab] OR ""transcranial magnetic stimulations""[tiab] OR ""repetitive transcranial magnetic stimulation""[tiab] OR ""repetitive TMS""[tiab] OR rTMS[tiab] OR ""theta burst stimulation""[tiab] OR ""intermittent theta burst stimulation""[tiab] OR iTBS[tiab] OR cTBS[tiab] OR ""deep transcranial magnetic stimulation""[tiab] OR dTMS[tiab]) NOT (animals[mh] NOT humans[mh]) AND (depression[MeSH Terms] OR depressive[tiab] OR ""major depressive disorder""[tiab] OR MDD[tiab]) AND (trial[tiab] OR randomized[tiab] OR randomised[tiab] OR meta-analysis[pt] OR review[pt] OR guideline*[tiab] OR consensus[tiab] OR protocol*[tiab])","((""Transcranial Magnetic Stimulation""[MeSH Terms] OR ""Transcranial Magnetic Stimulation""[Title/Abstract] OR ""transcranial magnetic stimulations""[Title/Abstract] OR ""repetitive transcranial magnetic stimulation""[Title/Abstract] OR ""repetitive TMS""[Title/Abstract] OR ""rTMS""[Title/Abstract] OR ""theta burst stimulation""[Title/Abstract] OR ""intermittent theta burst stimulation""[Title/Abstract] OR ""iTBS""[Title/Abstract] OR ""cTBS""[Title/Abstract] OR ""deep transcranial magnetic stimulation""[Title/Abstract] OR ""dTMS""[Title/Abstract]) NOT (""animals""[MeSH Terms] NOT ""humans""[MeSH Terms])) AND (""depressive disorder""[MeSH Terms] OR ""depression""[MeSH Terms] OR ""depressive""[Title/Abstract] OR ""major depressive disorder""[Title/Abstract] OR ""MDD""[Title/Abstract]) AND (""trial""[Title/Abstract] OR ""randomized""[Title/Abstract] OR ""randomised""[Title/Abstract] OR ""meta-analysis""[Publication Type] OR ""review""[Publication Type] OR ""guideline*""[Title/Abstract] OR ""consensus""[Title/Abstract] OR ""protocol*""[Title/Abstract])",https://eutils.ncbi.nlm.nih.gov/entrez/eutils/esearch.fcgi?db=pubmed&term=%28%22Transcranial+Magnetic+Stimulation%22%5BMesh%5D+OR+%22transcranial+magnetic+stimulation%22%5Btiab%5D+OR+%22transcranial+magnetic+stimulations%22%5Btiab%5D+OR+%22repetitive+transcranial+magnetic+stimulation%22%5Btiab%5D+OR+%22repetitive+TMS%22%5Btiab%5D+OR+rTMS%5Btiab%5D+OR+%22theta+burst+stimulation%22%5Btiab%5D+OR+%22intermittent+theta+burst+stimulation%22%5Btiab%5D+OR+iTBS%5Btiab%5D+OR+cTBS%5Btiab%5D+OR+%22deep+transcranial+magnetic+stimulation%22%5Btiab%5D+OR+dTMS%5Btiab%5D%29+NOT+%28animals%5Bmh%5D+NOT+humans%5Bmh%5D%29+AND+%28depression%5BMeSH+Terms%5D+OR+depressive%5Btiab%5D+OR+%22major+depressive+disorder%22%5Btiab%5D+OR+MDD%5Btiab%5D%29+AND+%28trial%5Btiab%5D+OR+randomized%5Btiab%5D+OR+randomised%5Btiab%5D+OR+meta-analysis%5Bpt%5D+OR+review%5Bpt%5D+OR+guideline%2A%5Btiab%5D+OR+consensus%5Btiab%5D+OR+protocol%2A%5Btiab%5D%29
2026-05-29,PubMed,psychiatric_indications,5594,5594,"(""Transcranial Magnetic Stimulation""[Mesh] OR ""transcranial magnetic stimulation""[tiab] OR ""transcranial magnetic stimulations""[tiab] OR ""repetitive transcranial magnetic stimulation""[tiab] OR ""repetitive TMS""[tiab] OR rTMS[tiab] OR ""theta burst stimulation""[tiab] OR ""intermittent theta burst stimulation""[tiab] OR iTBS[tiab] OR cTBS[tiab] OR ""deep transcranial magnetic stimulation""[tiab] OR dTMS[tiab]) NOT (animals[mh] NOT humans[mh]) AND (depression[tiab] OR depressive[tiab] OR MDD[tiab] OR ""obsessive compulsive""[tiab] OR OCD[tiab] OR PTSD[tiab] OR anxiety[tiab] OR ""substance use""[tiab] OR smoking[tiab] OR tinnitus[tiab] OR migraine[tiab] OR pain[tiab]) AND (treatment[tiab] OR therapeutic[tiab] OR trial[tiab] OR guideline*[tiab] OR review[tiab])","((""Transcranial Magnetic Stimulation""[MeSH Terms] OR ""Transcranial Magnetic Stimulation""[Title/Abstract] OR ""transcranial magnetic stimulations""[Title/Abstract] OR ""repetitive transcranial magnetic stimulation""[Title/Abstract] OR ""repetitive TMS""[Title/Abstract] OR ""rTMS""[Title/Abstract] OR ""theta burst stimulation""[Title/Abstract] OR ""intermittent theta burst stimulation""[Title/Abstract] OR ""iTBS""[Title/Abstract] OR ""cTBS""[Title/Abstract] OR ""deep transcranial magnetic stimulation""[Title/Abstract] OR ""dTMS""[Title/Abstract]) NOT (""animals""[MeSH Terms] NOT ""humans""[MeSH Terms])) AND (""depression""[Title/Abstract] OR ""depressive""[Title/Abstract] OR ""MDD""[Title/Abstract] OR ""obsessive compulsive""[Title/Abstract] OR ""OCD""[Title/Abstract] OR ""PTSD""[Title/Abstract] OR ""anxiety""[Title/Abstract] OR ""substance use""[Title/Abstract] OR ""smoking""[Title/Abstract] OR ""tinnitus""[Title/Abstract] OR ""migraine""[Title/Abstract] OR ""pain""[Title/Abstract]) AND (""treatment""[Title/Abstract] OR ""therapeutic""[Title/Abstract] OR ""trial""[Title/Abstract] OR ""guideline*""[Title/Abstract] OR ""review""[Title/Abstract])",https://eutils.ncbi.nlm.nih.gov/entrez/eutils/esearch.fcgi?db=pubmed&term=%28%22Transcranial+Magnetic+Stimulation%22%5BMesh%5D+OR+%22transcranial+magnetic+stimulation%22%5Btiab%5D+OR+%22transcranial+magnetic+stimulations%22%5Btiab%5D+OR+%22repetitive+transcranial+magnetic+stimulation%22%5Btiab%5D+OR+%22repetitive+TMS%22%5Btiab%5D+OR+rTMS%5Btiab%5D+OR+%22theta+burst+stimulation%22%5Btiab%5D+OR+%22intermittent+theta+burst+stimulation%22%5Btiab%5D+OR+iTBS%5Btiab%5D+OR+cTBS%5Btiab%5D+OR+%22deep+transcranial+magnetic+stimulation%22%5Btiab%5D+OR+dTMS%5Btiab%5D%29+NOT+%28animals%5Bmh%5D+NOT+humans%5Bmh%5D%29+AND+%28depression%5Btiab%5D+OR+depressive%5Btiab%5D+OR+MDD%5Btiab%5D+OR+%22obsessive+compulsive%22%5Btiab%5D+OR+OCD%5Btiab%5D+OR+PTSD%5Btiab%5D+OR+anxiety%5Btiab%5D+OR+%22substance+use%22%5Btiab%5D+OR+smoking%5Btiab%5D+OR+tinnitus%5Btiab%5D+OR+migraine%5Btiab%5D+OR+pain%5Btiab%5D%29+AND+%28treatment%5Btiab%5D+OR+therapeutic%5Btiab%5D+OR+trial%5Btiab%5D+OR+guideline%2A%5Btiab%5D+OR+review%5Btiab%5D%29
