priority_bucket,pmid,title,year,journal,doi,pubtypes,query_lanes,pubmed_url
safety_guideline,33243615,"Safety and recommendations for TMS use in healthy subjects and patient populations, with updates on training, ethical and regulatory issues: Expert Guidelines.",2021,Clinical neurophysiology : official journal of the International Federation of Clinical Neurophysiology,10.1016/j.clinph.2020.10.003,"Journal Article; Practice Guideline; Research Support, N.I.H., Intramural; Research Support, Non-U.S. Gov't; Review",dosing_protocol_variants; fnirs_eeg_qeeg_biomarkers; guidelines_consensus_reviews; master_tms_not_animal_only; safety_side_effects_sensations; technician_equipment_localization,https://pubmed.ncbi.nlm.nih.gov/33243615/
safety_guideline,19833552,"Safety, ethical considerations, and application guidelines for the use of transcranial magnetic stimulation in clinical practice and research.",2009,Clinical neurophysiology : official journal of the International Federation of Clinical Neurophysiology,10.1016/j.clinph.2009.08.016,"Consensus Statement; Journal Article; Research Support, Non-U.S. Gov't; Review",dosing_protocol_variants; fnirs_eeg_qeeg_biomarkers; guidelines_consensus_reviews; master_tms_not_animal_only; safety_side_effects_sensations,https://pubmed.ncbi.nlm.nih.gov/19833552/
therapeutic_guideline,31901449,Evidence-based guidelines on the therapeutic use of repetitive transcranial magnetic stimulation (rTMS): An update (2014-2018).,2020,Clinical neurophysiology : official journal of the International Federation of Clinical Neurophysiology,10.1016/j.clinph.2019.11.002,"Journal Article; Research Support, Non-U.S. Gov't; Review",dosing_protocol_variants; guidelines_consensus_reviews; master_tms_not_animal_only; psychiatric_indications; safety_side_effects_sensations; technician_equipment_localization,https://pubmed.ncbi.nlm.nih.gov/31901449/
therapeutic_guideline,25034472,Evidence-based guidelines on the therapeutic use of repetitive transcranial magnetic stimulation (rTMS).,2014,Clinical neurophysiology : official journal of the International Federation of Clinical Neurophysiology,10.1016/j.clinph.2014.05.021,"Journal Article; Research Support, Non-U.S. Gov't; Review",dosing_protocol_variants; guidelines_consensus_reviews; master_tms_not_animal_only; medication_sleep_caffeine_state; patient_experience_adherence_state; psychiatric_indications; safety_side_effects_sensations; technician_equipment_localization,https://pubmed.ncbi.nlm.nih.gov/25034472/
clinical_depression_consensus,28541649,Consensus Recommendations for the Clinical Application of Repetitive Transcranial Magnetic Stimulation (rTMS) in the Treatment of Depression.,2018,The Journal of clinical psychiatry,10.4088/JCP.16cs10905,Journal Article; Consensus Statement,clinical_depression_protocols; fnirs_eeg_qeeg_biomarkers; guidelines_consensus_reviews; master_tms_not_animal_only; mechanisms_neuroplasticity; medication_sleep_caffeine_state; psychiatric_indications; safety_side_effects_sensations,https://pubmed.ncbi.nlm.nih.gov/28541649/
clinical_depression_consensus,27090022,The Clinical TMS Society Consensus Review and Treatment Recommendations for TMS Therapy for Major Depressive Disorder.,2016,Brain stimulation,10.1016/j.brs.2016.03.010,Journal Article; Review; Consensus Statement,clinical_depression_protocols; guidelines_consensus_reviews; master_tms_not_animal_only; medication_sleep_caffeine_state; psychiatric_indications; safety_side_effects_sensations,https://pubmed.ncbi.nlm.nih.gov/27090022/
clinical_depression_trial,17573044,Efficacy and safety of transcranial magnetic stimulation in the acute treatment of major depression: a multisite randomized controlled trial.,2007,Biological psychiatry,10.1016/j.biopsych.2007.01.018,"Journal Article; Multicenter Study; Randomized Controlled Trial; Research Support, Non-U.S. Gov't",clinical_depression_protocols; master_tms_not_animal_only; medication_sleep_caffeine_state; patient_experience_adherence_state; psychiatric_indications; safety_side_effects_sensations; technician_equipment_localization,https://pubmed.ncbi.nlm.nih.gov/17573044/
clinical_depression_trial,29726344,Effectiveness of theta burst versus high-frequency repetitive transcranial magnetic stimulation in patients with depression (THREE-D): a randomised non-inferiority trial.,2018,"Lancet (London, England)",10.1016/S0140-6736(18)30295-2,"Comparative Study; Journal Article; Multicenter Study; Randomized Controlled Trial; Research Support, Non-U.S. Gov't; Equivalence Trial",clinical_depression_protocols; dosing_protocol_variants; master_tms_not_animal_only; medication_sleep_caffeine_state; patient_experience_adherence_state; psychiatric_indications; safety_side_effects_sensations,https://pubmed.ncbi.nlm.nih.gov/29726344/
mechanism_theta_burst,15664172,Theta burst stimulation of the human motor cortex.,2005,Neuron,10.1016/j.neuron.2004.12.033,"Clinical Trial; Journal Article; Research Support, Non-U.S. Gov't",dosing_protocol_variants; master_tms_not_animal_only; mechanisms_neuroplasticity; technician_equipment_localization,https://pubmed.ncbi.nlm.nih.gov/15664172/
mechanism_theta_burst,18566003,The physiological basis of the effects of intermittent theta burst stimulation of the human motor cortex.,2008,The Journal of physiology,10.1113/jphysiol.2008.152736,Journal Article,dosing_protocol_variants; master_tms_not_animal_only; mechanisms_neuroplasticity; psychiatric_indications; safety_side_effects_sensations; technician_equipment_localization,https://pubmed.ncbi.nlm.nih.gov/18566003/
accelerated_protocol,32252538,Stanford Accelerated Intelligent Neuromodulation Therapy for Treatment-Resistant Depression.,2020,The American journal of psychiatry,10.1176/appi.ajp.2019.19070720,"Clinical Trial; Journal Article; Research Support, N.I.H., Extramural; Research Support, Non-U.S. Gov't",clinical_depression_protocols; dosing_protocol_variants; master_tms_not_animal_only; mechanisms_neuroplasticity; medication_sleep_caffeine_state; patient_experience_adherence_state; psychiatric_indications; safety_side_effects_sensations; technician_equipment_localization,https://pubmed.ncbi.nlm.nih.gov/32252538/
accelerated_protocol,34711062,Stanford Neuromodulation Therapy (SNT): A Double-Blind Randomized Controlled Trial.,2022,The American journal of psychiatry,10.1176/appi.ajp.2021.20101429,"Journal Article; Randomized Controlled Trial; Research Support, Non-U.S. Gov't",clinical_depression_protocols; dosing_protocol_variants; master_tms_not_animal_only; mechanisms_neuroplasticity; psychiatric_indications; technician_equipment_localization,https://pubmed.ncbi.nlm.nih.gov/34711062/
safety_adverse_events,34133991,Seizure risk with repetitive TMS: Survey results from over a half-million treatment sessions.,2021,Brain stimulation,10.1016/j.brs.2021.05.012,Journal Article,master_tms_not_animal_only; safety_side_effects_sensations; technician_equipment_localization,https://pubmed.ncbi.nlm.nih.gov/34133991/
safety_theta_burst,21221011,Safety of theta burst transcranial magnetic stimulation: a systematic review of the literature.,2011,Journal of clinical neurophysiology : official publication of the American Electroencephalographic Society,10.1097/WNP.0b013e318205135f,"Journal Article; Research Support, N.I.H., Extramural; Systematic Review",dosing_protocol_variants; guidelines_consensus_reviews; master_tms_not_animal_only; mechanisms_neuroplasticity; medication_sleep_caffeine_state; safety_side_effects_sensations,https://pubmed.ncbi.nlm.nih.gov/21221011/
safety_guideline,9474057,"Risk and safety of repetitive transcranial magnetic stimulation: report and suggested guidelines from the International Workshop on the Safety of Repetitive Transcranial Magnetic Stimulation, June 5-7, 1996.",1998,Electroencephalography and clinical neurophysiology,10.1016/s0168-5597(97)00096-8,Guideline; Journal Article; Practice Guideline,guidelines_consensus_reviews; master_tms_not_animal_only; psychiatric_indications; safety_side_effects_sensations,https://pubmed.ncbi.nlm.nih.gov/9474057/
safety_adverse_events,7683602,Safety of rapid-rate transcranial magnetic stimulation in normal volunteers.,1993,Electroencephalography and clinical neurophysiology,10.1016/0168-5597(93)90094-6,Journal Article,guidelines_consensus_reviews; master_tms_not_animal_only; mechanisms_neuroplasticity; medication_sleep_caffeine_state; safety_side_effects_sensations; technician_equipment_localization,https://pubmed.ncbi.nlm.nih.gov/7683602/
technician_motor_threshold,37738899,Influence of time of day on resting motor threshold in clinical TMS practice.,2023,Clinical neurophysiology : official journal of the International Federation of Clinical Neurophysiology,10.1016/j.clinph.2023.08.017,"Letter; Research Support, Non-U.S. Gov't",master_tms_not_animal_only; medication_sleep_caffeine_state; technician_equipment_localization,https://pubmed.ncbi.nlm.nih.gov/37738899/
state_caffeine,41346487,Chronic caffeine consumption on clinical TMS outcomes: A naturalistic retrospective analysis.,2025,Transcranial magnetic stimulation (2024),10.1016/j.transm.2025.100199,Journal Article,master_tms_not_animal_only; mechanisms_neuroplasticity; medication_sleep_caffeine_state; patient_experience_adherence_state; psychiatric_indications,https://pubmed.ncbi.nlm.nih.gov/41346487/
state_caffeine,36911138,Chronic caffeine consumption curbs rTMS-induced plasticity.,2023,Frontiers in psychiatry,10.3389/fpsyt.2023.1137681,Journal Article,master_tms_not_animal_only; mechanisms_neuroplasticity; medication_sleep_caffeine_state,https://pubmed.ncbi.nlm.nih.gov/36911138/
state_caffeine,34872405,Habitual caffeine consumption moderates the antidepressant effect of dorsomedial intermittent theta-burst transcranial magnetic stimulation.,2021,"Journal of psychopharmacology (Oxford, England)",10.1177/02698811211058975,"Journal Article; Randomized Controlled Trial; Research Support, Non-U.S. Gov't",clinical_depression_protocols; dosing_protocol_variants; master_tms_not_animal_only; medication_sleep_caffeine_state; psychiatric_indications; technician_equipment_localization,https://pubmed.ncbi.nlm.nih.gov/34872405/
state_medications,38299320,Do benzodiazepines reduce the efficacy of transcranial magnetic stimulation?,2024,Australasian psychiatry : bulletin of Royal Australian and New Zealand College of Psychiatrists,10.1177/10398562241229623,"Journal Article; Research Support, Non-U.S. Gov't",master_tms_not_animal_only; medication_sleep_caffeine_state; patient_experience_adherence_state; psychiatric_indications,https://pubmed.ncbi.nlm.nih.gov/38299320/
state_medications,32008395,Caution When Continuing Benzodiazepines During rTMS: Response to Hunter and Leuchter.,2020,The American journal of psychiatry,10.1176/appi.ajp.2019.19060603r,Letter; Comment,master_tms_not_animal_only; medication_sleep_caffeine_state,https://pubmed.ncbi.nlm.nih.gov/32008395/
state_medications,31368628,Therapeutic High-Frequency Repetitive Transcranial Magnetic Stimulation Concurrently Improves Mood and Anxiety in Patients Using Benzodiazepines.,2020,Neuromodulation : journal of the International Neuromodulation Society,10.1111/ner.13024,Journal Article,dosing_protocol_variants; master_tms_not_animal_only; medication_sleep_caffeine_state; patient_experience_adherence_state; psychiatric_indications,https://pubmed.ncbi.nlm.nih.gov/31368628/
technician_localization,32289680,Reliability of targeting methods in TMS for depression: Beam F3 vs. 5.5 cm.,2020,Brain stimulation,10.1016/j.brs.2020.01.010,"Comparative Study; Journal Article; Research Support, N.I.H., Extramural; Research Support, Non-U.S. Gov't",clinical_depression_protocols; fnirs_eeg_qeeg_biomarkers; guidelines_consensus_reviews; master_tms_not_animal_only; psychiatric_indications; technician_equipment_localization,https://pubmed.ncbi.nlm.nih.gov/32289680/
technician_localization,37714408,A randomized trial comparing beam F3 and 5.5 cm targeting in rTMS treatment of depression demonstrates similar effectiveness.,2023,Brain stimulation,10.1016/j.brs.2023.09.006,"Randomized Controlled Trial; Journal Article; Research Support, Non-U.S. Gov't; Research Support, N.I.H., Extramural",clinical_depression_protocols; dosing_protocol_variants; master_tms_not_animal_only; medication_sleep_caffeine_state; patient_experience_adherence_state; psychiatric_indications; technician_equipment_localization,https://pubmed.ncbi.nlm.nih.gov/37714408/
technician_motor_threshold,42082007,'RMT-Finder': An automated procedure to determine the Resting Motor Threshold for Transcranial Magnetic Stimulation.,2026,Journal of neuroscience methods,10.1016/j.jneumeth.2026.110787,Journal Article,master_tms_not_animal_only; medication_sleep_caffeine_state; technician_equipment_localization,https://pubmed.ncbi.nlm.nih.gov/42082007/
technician_motor_threshold,41949547,"Comparison of 4 Methods to Estimate the Resting Motor Threshold Using Transcranial Magnetic Stimulation: Rossini-Rothwell, 2-Threshold, Adaptive Threshold Hunting, and Stimulus-Response Curve Approaches.",2026,The journal of ECT,10.1097/YCT.0000000000001211,Journal Article,master_tms_not_animal_only; medication_sleep_caffeine_state; technician_equipment_localization,https://pubmed.ncbi.nlm.nih.gov/41949547/
safety_screening,11332408,A safety screening questionnaire for transcranial magnetic stimulation.,2001,Clinical neurophysiology : official journal of the International Federation of Clinical Neurophysiology,10.1016/s1388-2457(00)00518-6,Letter,master_tms_not_animal_only; safety_side_effects_sensations,https://pubmed.ncbi.nlm.nih.gov/11332408/
fnirs_future_expansion,41478613,Temporal variation of brain hemodynamics with accelerated iTBS for depression: A single-case concurrent TMS/fNIRS study.,2026,Brain stimulation,10.1016/j.brs.2025.103020,Letter,dosing_protocol_variants; fnirs_eeg_qeeg_biomarkers; master_tms_not_animal_only,https://pubmed.ncbi.nlm.nih.gov/41478613/
fnirs_future_expansion,42055949,"Functional near-infrared spectroscopy assessment of the effects of transcranial direct current stimulation combined with transcranial magnetic stimulation on dynamic functional networks in patients with chronic insomnia: randomised, double-blind, parallel-group, controlled clinical trial.",2026,BMJ mental health,10.1136/bmjment-2025-302410,Journal Article; Randomized Controlled Trial,dosing_protocol_variants; fnirs_eeg_qeeg_biomarkers; master_tms_not_animal_only; mechanisms_neuroplasticity; medication_sleep_caffeine_state; safety_side_effects_sensations,https://pubmed.ncbi.nlm.nih.gov/42055949/
tms_eeg_future_expansion,42055012,Effective correction of extreme capacitive artifacts in TMS-EEG via windowed detrending.,2026,Journal of neural engineering,10.1088/1741-2552/ae668e,Journal Article,fnirs_eeg_qeeg_biomarkers; master_tms_not_animal_only; mechanisms_neuroplasticity; medication_sleep_caffeine_state; technician_equipment_localization,https://pubmed.ncbi.nlm.nih.gov/42055012/
tms_eeg_future_expansion,41344323,Frontoparietal network mediates the antidepressant effects of accelerated iTBS and cTBS: TMS-EEG study.,2025,Cell reports. Medicine,10.1016/j.xcrm.2025.102470,Journal Article,clinical_depression_protocols; dosing_protocol_variants; fnirs_eeg_qeeg_biomarkers; master_tms_not_animal_only; mechanisms_neuroplasticity; medication_sleep_caffeine_state; psychiatric_indications,https://pubmed.ncbi.nlm.nih.gov/41344323/
tms_eeg_future_expansion,42066923,Exploratory decoding of TMS-EEG: Predicting TEP response to intermittent and continuous theta burst stimulation.,2026,NeuroImage,10.1016/j.neuroimage.2026.121957,Journal Article; Randomized Controlled Trial,dosing_protocol_variants; fnirs_eeg_qeeg_biomarkers; master_tms_not_animal_only; mechanisms_neuroplasticity; medication_sleep_caffeine_state,https://pubmed.ncbi.nlm.nih.gov/42066923/
eeg_biomarkers_future_expansion,41483580,EEG biomarkers for a precision-medicine approach to noninvasive brain stimulation for major depressive disorder.,2026,Psychiatry research. Neuroimaging,10.1016/j.pscychresns.2025.112121,Journal Article; Systematic Review; Review,clinical_depression_protocols; dosing_protocol_variants; fnirs_eeg_qeeg_biomarkers; guidelines_consensus_reviews; master_tms_not_animal_only; mechanisms_neuroplasticity; medication_sleep_caffeine_state; psychiatric_indications; technician_equipment_localization,https://pubmed.ncbi.nlm.nih.gov/41483580/
