pmid,title,journal,pubtypes,abstract,mesh_terms,pubmed_url
33243615,"Safety and recommendations for TMS use in healthy subjects and patient populations, with updates on training, ethical and regulatory issues: Expert Guidelines.",Clinical neurophysiology : official journal of the International Federation of Clinical Neurophysiology,"Journal Article; Practice Guideline; Research Support, N.I.H., Intramural; Research Support, Non-U.S. Gov't; Review","This article is based on a consensus conference, promoted and supported by the International Federation of Clinical Neurophysiology (IFCN), which took place in Siena (Italy) in October 2018. The meeting intended to update the ten-year-old safety guidelines for the application of transcranial magnetic stimulation (TMS) in research and clinical settings (Rossi et al., 2009). Therefore, only emerging and new issues are covered in detail, leaving still valid the 2009 recommendations regarding the description of conventional or patterned TMS protocols, the screening of subjects/patients, the need of neurophysiological monitoring for new protocols, the utilization of reference thresholds of stimulation, the managing of seizures and the list of minor side effects. New issues discussed in detail from the meeting up to April 2020 are safety issues of recently developed stimulation devices and pulse configurations; duties and responsibility of device makers; novel scenarios of TMS applications such as in the neuroimaging context or imaging-guided and robot-guided TMS; TMS interleaved with transcranial electrical stimulation; safety during paired associative stimulation interventions; and risks of using TMS to induce therapeutic seizures (magnetic seizure therapy). An update on the possible induction of seizures, theoretically the most serious risk of TMS, is provided. It has become apparent that such a risk is low, even in patients taking drugs acting on the central nervous system, at least with the use of traditional stimulation parameters and focal coils for which large data sets are available. Finally, new operational guidelines are provided for safety in planning future trials based on traditional and patterned TMS protocols, as well as a summary of the minimal training requirements for operators, and a note on ethics of neuroenhancement.",Brain; Healthy Volunteers; Humans; Transcranial Magnetic Stimulation,https://pubmed.ncbi.nlm.nih.gov/33243615/
19833552,"Safety, ethical considerations, and application guidelines for the use of transcranial magnetic stimulation in clinical practice and research.",Clinical neurophysiology : official journal of the International Federation of Clinical Neurophysiology,"Consensus Statement; Journal Article; Research Support, Non-U.S. Gov't; Review","This article is based on a consensus conference, which took place in Certosa di Pontignano, Siena (Italy) on March 7-9, 2008, intended to update the previous safety guidelines for the application of transcranial magnetic stimulation (TMS) in research and clinical settings. Over the past decade the scientific and medical community has had the opportunity to evaluate the safety record of research studies and clinical applications of TMS and repetitive TMS (rTMS). In these years the number of applications of conventional TMS has grown impressively, new paradigms of stimulation have been developed (e.g., patterned repetitive TMS) and technical advances have led to new device designs and to the real-time integration of TMS with electroencephalography (EEG), positron emission tomography (PET) and functional magnetic resonance imaging (fMRI). Thousands of healthy subjects and patients with various neurological and psychiatric diseases have undergone TMS allowing a better assessment of relative risks. The occurrence of seizures (i.e., the most serious TMS-related acute adverse effect) has been extremely rare, with most of the few new cases receiving rTMS exceeding previous guidelines, often in patients under treatment with drugs which potentially lower the seizure threshold. The present updated guidelines review issues of risk and safety of conventional TMS protocols, address the undesired effects and risks of emerging TMS interventions, the applications of TMS in patients with implanted electrodes in the central nervous system, and safety aspects of TMS in neuroimaging environments. We cover recommended limits of stimulation parameters and other important precautions, monitoring of subjects, expertise of the rTMS team, and ethical issues. While all the recommendations here are expert based, they utilize published data to the extent possible.",Biomedical Research; Hot Temperature; Humans; Italy; Nervous System Diseases; Risk Factors; Transcranial Magnetic Stimulation,https://pubmed.ncbi.nlm.nih.gov/19833552/
31901449,Evidence-based guidelines on the therapeutic use of repetitive transcranial magnetic stimulation (rTMS): An update (2014-2018).,Clinical neurophysiology : official journal of the International Federation of Clinical Neurophysiology,"Journal Article; Research Support, Non-U.S. Gov't; Review","A group of European experts reappraised the guidelines on the therapeutic efficacy of repetitive transcranial magnetic stimulation (rTMS) previously published in 2014 [Lefaucheur et al., Clin Neurophysiol 2014;125:2150-206]. These updated recommendations take into account all rTMS publications, including data prior to 2014, as well as currently reviewed literature until the end of 2018. Level A evidence (definite efficacy) was reached for: high-frequency (HF) rTMS of the primary motor cortex (M1) contralateral to the painful side for neuropathic pain; HF-rTMS of the left dorsolateral prefrontal cortex (DLPFC) using a figure-of-8 or a H1-coil for depression; low-frequency (LF) rTMS of contralesional M1 for hand motor recovery in the post-acute stage of stroke. Level B evidence (probable efficacy) was reached for: HF-rTMS of the left M1 or DLPFC for improving quality of life or pain, respectively, in fibromyalgia; HF-rTMS of bilateral M1 regions or the left DLPFC for improving motor impairment or depression, respectively, in Parkinson's disease; HF-rTMS of ipsilesional M1 for promoting motor recovery at the post-acute stage of stroke; intermittent theta burst stimulation targeted to the leg motor cortex for lower limb spasticity in multiple sclerosis; HF-rTMS of the right DLPFC in posttraumatic stress disorder; LF-rTMS of the right inferior frontal gyrus in chronic post-stroke non-fluent aphasia; LF-rTMS of the right DLPFC in depression; and bihemispheric stimulation of the DLPFC combining right-sided LF-rTMS (or continuous theta burst stimulation) and left-sided HF-rTMS (or intermittent theta burst stimulation) in depression. Level A/B evidence is not reached concerning efficacy of rTMS in any other condition. The current recommendations are based on the differences reached in therapeutic efficacy of real vs. sham rTMS protocols, replicated in a sufficient number of independent studies. This does not mean that the benefit produced by rTMS inevitably reaches a level of clinical relevance.",Evidence-Based Medicine; Humans; Mental Disorders; Nervous System Diseases; Practice Guidelines as Topic; Transcranial Magnetic Stimulation,https://pubmed.ncbi.nlm.nih.gov/31901449/
25034472,Evidence-based guidelines on the therapeutic use of repetitive transcranial magnetic stimulation (rTMS).,Clinical neurophysiology : official journal of the International Federation of Clinical Neurophysiology,"Journal Article; Research Support, Non-U.S. Gov't; Review","A group of European experts was commissioned to establish guidelines on the therapeutic use of repetitive transcranial magnetic stimulation (rTMS) from evidence published up until March 2014, regarding pain, movement disorders, stroke, amyotrophic lateral sclerosis, multiple sclerosis, epilepsy, consciousness disorders, tinnitus, depression, anxiety disorders, obsessive-compulsive disorder, schizophrenia, craving/addiction, and conversion. Despite unavoidable inhomogeneities, there is a sufficient body of evidence to accept with level A (definite efficacy) the analgesic effect of high-frequency (HF) rTMS of the primary motor cortex (M1) contralateral to the pain and the antidepressant effect of HF-rTMS of the left dorsolateral prefrontal cortex (DLPFC). A Level B recommendation (probable efficacy) is proposed for the antidepressant effect of low-frequency (LF) rTMS of the right DLPFC, HF-rTMS of the left DLPFC for the negative symptoms of schizophrenia, and LF-rTMS of contralesional M1 in chronic motor stroke. The effects of rTMS in a number of indications reach level C (possible efficacy), including LF-rTMS of the left temporoparietal cortex in tinnitus and auditory hallucinations. It remains to determine how to optimize rTMS protocols and techniques to give them relevance in routine clinical practice. In addition, professionals carrying out rTMS protocols should undergo rigorous training to ensure the quality of the technical realization, guarantee the proper care of patients, and maximize the chances of success. Under these conditions, the therapeutic use of rTMS should be able to develop in the coming years.",Cerebral Cortex; Epilepsy; Evidence-Based Medicine; Humans; Mental Disorders; Movement Disorders; Multiple Sclerosis; Stroke; Transcranial Magnetic Stimulation,https://pubmed.ncbi.nlm.nih.gov/25034472/
28541649,Consensus Recommendations for the Clinical Application of Repetitive Transcranial Magnetic Stimulation (rTMS) in the Treatment of Depression.,The Journal of clinical psychiatry,Journal Article; Consensus Statement,"OBJECTIVE: To provide expert recommendations for the safe and effective application of repetitive transcranial magnetic stimulation (rTMS) in the treatment of major depressive disorder (MDD). PARTICIPANTS: Participants included a group of 17 expert clinicians and researchers with expertise in the clinical application of rTMS, representing both the National Network of Depression Centers (NNDC) rTMS Task Group and the American Psychiatric Association Council on Research (APA CoR) Task Force on Novel Biomarkers and Treatments. EVIDENCE: The consensus statement is based on a review of extensive literature from 2 databases (OvidSP MEDLINE and PsycINFO) searched from 1990 through 2016. The search terms included variants of major depressive disorder and transcranial magnetic stimulation. The results were limited to articles written in English that focused on adult populations. Of the approximately 1,500 retrieved studies, a total of 118 publications were included in the consensus statement and were supplemented with expert opinion to achieve consensus recommendations on key issues surrounding the administration of rTMS for MDD in clinical practice settings. CONSENSUS PROCESS: In cases in which the research evidence was equivocal or unclear, a consensus decision on how rTMS should be administered was reached by the authors of this article and is denoted in the article as ""expert opinion."" CONCLUSIONS: Multiple randomized controlled trials and published literature have supported the safety and efficacy of rTMS antidepressant therapy. These consensus recommendations, developed by the NNDC rTMS Task Group and APA CoR Task Force on Novel Biomarkers and Treatments, provide comprehensive information for the safe and effective clinical application of rTMS in the treatment of MDD.",Contraindications; Major Depressive Disorder; Humans; Transcranial Magnetic Stimulation,https://pubmed.ncbi.nlm.nih.gov/28541649/
27090022,The Clinical TMS Society Consensus Review and Treatment Recommendations for TMS Therapy for Major Depressive Disorder.,Brain stimulation,Journal Article; Review; Consensus Statement,"BACKGROUND: Prefrontal Transcranial Magnetic Stimulation (TMS) therapy repeated daily over 4-6 weeks (20-30 sessions) is US Food and Drug Administration (FDA) approved for treating Major Depressive Disorder in adults who have not responded to prior antidepressant medications. In 2011, leading TMS clinical providers and researchers created the Clinical TMS Society (cTMSs) (www.clinicaltmssociety.org, Greenwich, CT, USA), incorporated in 2013. METHODS: This consensus review was written by cTMSs leaders, informed by membership polls, and approved by the governing board. It summarizes current evidence for the safety and efficacy of the use of TMS therapy for treating depression in routine clinical practice. Authors systematically reviewed the published TMS antidepressant therapy clinical trials. Studies were then assessed and graded on their strength of evidence using the Levels of Evidence framework published by the University of Oxford Centre for Evidence Based Medicine. The authors then summarize essentials for using TMS therapy in routine clinical practice settings derived from discussions and polls of cTMSs members. Finally, each summary clinical recommendation is presented with the substantiating peer-reviewed, published evidence supporting that recommendation. When the current published clinical trial evidence was insufficient or incomplete, expert opinion was included when sufficient consensus was available from experienced clinician users among the membership of the cTMSs, who were polled at the Annual Meetings in 2014 and 2015. CONCLUSIONS: Daily left prefrontal TMS has substantial evidence of efficacy and safety for treating the acute phase of depression in patients who are treatment resistant or intolerant. Following the clinical recommendations in this document should result in continued safe and effective use of this exciting new treatment modality.","Adult; Antidepressive Agents; Major Depressive Disorder; Evidence-Based Medicine; Humans; Prefrontal Cortex; Societies, Medical; Transcranial Magnetic Stimulation; Treatment Outcome",https://pubmed.ncbi.nlm.nih.gov/27090022/
17573044,Efficacy and safety of transcranial magnetic stimulation in the acute treatment of major depression: a multisite randomized controlled trial.,Biological psychiatry,"Journal Article; Multicenter Study; Randomized Controlled Trial; Research Support, Non-U.S. Gov't","BACKGROUND: We tested whether transcranial magnetic stimulation (TMS) over the left dorsolateral prefrontal cortex (DLPFC) is effective and safe in the acute treatment of major depression. METHODS: In a double-blind, multisite study, 301 medication-free patients with major depression who had not benefited from prior treatment were randomized to active (n = 155) or sham TMS (n = 146) conditions. Sessions were conducted five times per week with TMS at 10 pulses/sec, 120% of motor threshold, 3000 pulses/session, for 4-6 weeks. Primary outcome was the symptom score change as assessed at week 4 with the Montgomery-Asberg Depression Rating Scale (MADRS). Secondary outcomes included changes on the 17- and 24-item Hamilton Depression Rating Scale (HAMD) and response and remission rates with the MADRS and HAMD. RESULTS: Active TMS was significantly superior to sham TMS on the MADRS at week 4 (with a post hoc correction for inequality in symptom severity between groups at baseline), as well as on the HAMD17 and HAMD24 scales at weeks 4 and 6. Response rates were significantly higher with active TMS on all three scales at weeks 4 and 6. Remission rates were approximately twofold higher with active TMS at week 6 and significant on the MADRS and HAMD24 scales (but not the HAMD17 scale). Active TMS was well tolerated with a low dropout rate for adverse events (4.5%) that were generally mild and limited to transient scalp discomfort or pain. CONCLUSIONS: Transcranial magnetic stimulation was effective in treating major depression with minimal side effects reported. It offers clinicians a novel alternative for the treatment of this disorder.",Adolescent; Adult; Aged; Audiometry; Major Depressive Disorder; Double-Blind Method; Female; Humans; Male; Middle Aged; Psychiatric Status Rating Scales; Transcranial Magnetic Stimulation; Treatment Outcome,https://pubmed.ncbi.nlm.nih.gov/17573044/
29726344,Effectiveness of theta burst versus high-frequency repetitive transcranial magnetic stimulation in patients with depression (THREE-D): a randomised non-inferiority trial.,"Lancet (London, England)","Comparative Study; Journal Article; Multicenter Study; Randomized Controlled Trial; Research Support, Non-U.S. Gov't; Equivalence Trial","BACKGROUND: Treatment-resistant major depressive disorder is common; repetitive transcranial magnetic stimulation (rTMS) by use of high-frequency (10 Hz) left-side dorsolateral prefrontal cortex stimulation is an evidence-based treatment for this disorder. Intermittent theta burst stimulation (iTBS) is a newer form of rTMS that can be delivered in 3 min, versus 37·5 min for a standard 10 Hz treatment session. We aimed to establish the clinical effectiveness, safety, and tolerability of iTBS compared with standard 10 Hz rTMS in adults with treatment-resistant depression. METHODS: In this randomised, multicentre, non-inferiority clinical trial, we recruited patients who were referred to specialty neurostimulation centres based at three Canadian university hospitals (Centre for Addiction and Mental Health and Toronto Western Hospital, Toronto, ON, and University of British Columbia Hospital, Vancouver, BC). Participants were aged 18-65 years, were diagnosed with a current treatment-resistant major depressive episode or could not tolerate at least two antidepressants in the current episode, were receiving stable antidepressant medication doses for at least 4 weeks before baseline, and had an HRSD-17 score of at least 18. Participants were randomly allocated (1:1) to treatment groups (10 Hz rTMS or iTBS) by use of a random permuted block method, with stratification by site and number of adequate trials in which the antidepressants were unsuccessful. Treatment was delivered open-label but investigators and outcome assessors were masked to treatment groups. Participants were treated with 10 Hz rTMS or iTBS to the left dorsolateral prefrontal cortex, administered on 5 days a week for 4-6 weeks. The primary outcome measure was change in 17-item Hamilton Rating Scale for Depression (HRSD-17) score, with a non-inferiority margin of 2·25 points. For the primary outcome measure, we did a per-protocol analysis of all participants who were randomly allocated to groups and who attained the primary completion point of 4 weeks. This trial is registered with ClinicalTrials.gov, number NCT01887782. FINDINGS: Between Sept 3, 2013, and Oct 3, 2016, we randomly allocated 205 participants to receive 10 Hz rTMS and 209 participants to receive iTBS. 192 (94%) participants in the 10 Hz rTMS group and 193 (92%) in the iTBS group were assessed for the primary outcome after 4-6 weeks of treatment. HRSD-17 scores improved from 23·5 (SD 4·4) to 13·4 (7·8) in the 10 Hz rTMS group and from 23·6 (4·3) to 13·4 (7·9) in the iTBS group (adjusted difference 0·103 [corrected], lower 95% CI -1·16; p=0·0011), which indicated non-inferiority of iTBS. Self-rated intensity of pain associated with treatment was greater in the iTBS group than in the 10 Hz rTMS group (mean score on verbal analogue scale 3·8 [SD 2·0] vs 3·4 [2·0] out of 10; p=0·011). Dropout rates did not differ between groups (10 Hz rTMS: 13 [6%] of 205 participants; iTBS: 16 [8%] of 209 participants); p=0·6004). The most common treatment-related adverse event was headache in both groups (10 Hz rTMS: 131 [64%] of 204; iTBS: 136 [65%] of 208). INTERPRETATION: In patients with treatment-resistant depression, iTBS was non-inferior to 10 Hz rTMS for the treatment of depression. Both treatments had low numbers of dropouts and similar side-effects, safety, and tolerability profiles. By use of iTBS, the number of patients treated per day with current rTMS devices can be increased several times without compromising clinical effectiveness. FUNDING: Canadian Institutes of Health Research.","Adult; Antidepressive Agents; Canada; Depression; Major Depressive Disorder; Depressive Disorder, Treatment-Resistant; Female; Humans; Male; Middle Aged; Outcome Assessment, Health Care; Pain Perception; Prefrontal Cortex; Theta Rhythm; Transcranial Magnetic Stimulation; Treatment Outcome",https://pubmed.ncbi.nlm.nih.gov/29726344/
15664172,Theta burst stimulation of the human motor cortex.,Neuron,"Clinical Trial; Journal Article; Research Support, Non-U.S. Gov't","It has been 30 years since the discovery that repeated electrical stimulation of neural pathways can lead to long-term potentiation in hippocampal slices. With its relevance to processes such as learning and memory, the technique has produced a vast literature on mechanisms of synaptic plasticity in animal models. To date, the most promising method for transferring these methods to humans is repetitive transcranial magnetic stimulation (rTMS), a noninvasive method of stimulating neural pathways in the brain of conscious subjects through the intact scalp. However, effects on synaptic plasticity reported are often weak, highly variable between individuals, and rarely last longer than 30 min. Here we describe a very rapid method of conditioning the human motor cortex using rTMS that produces a controllable, consistent, long-lasting, and powerful effect on motor cortex physiology and behavior after an application period of only 20-190 s.","Adult; Conditioning, Psychological; Electric Stimulation Therapy; Hand; Humans; Magnetics; Middle Aged; Motor Cortex; Muscle, Skeletal; Neural Inhibition; Neuronal Plasticity; Pyramidal Tracts; Reaction Time; Synaptic Transmission; Theta Rhythm; Time Factors",https://pubmed.ncbi.nlm.nih.gov/15664172/
18566003,The physiological basis of the effects of intermittent theta burst stimulation of the human motor cortex.,The Journal of physiology,Journal Article,"Theta burst stimulation (TBS) is a form of repetitive transcranial magnetic stimulation (TMS). When applied to motor cortex it leads to after-effects on corticospinal and corticocortical excitability that may reflect LTP/LTD-like synaptic effects. An inhibitory form of TBS (continuous, cTBS) suppresses MEPs, and spinal epidural recordings show this is due to suppression of the I1 volley evoked by TMS. Here we investigate whether the excitatory form of TBS (intermittent, iTBS) affects the same I-wave circuitry. We recorded corticospinal volleys evoked by single pulse TMS of the motor cortex before and after iTBS in three conscious patients who had an electrode implanted in the cervical epidural space for the control of pain. As in healthy subjects, iTBS increased MEPs, and this was accompanied by a significant increase in the amplitude of later I-waves, but not the I1 wave. In two of the patients we tested the excitability of the contralateral cortex and found a significant suppression of the late I-waves. The extent of the changes varied between the three patients, as did their age. To investigate whether age might be a significant contributor to the variability we examined the effect of iTBS on MEPs in 18 healthy subjects. iTBS facilitated MEPs evoked by TMS of the conditioned hemisphere and suppressed MEPs evoked by stimulation of the contralateral hemisphere. There was a slight but non-significant decline in MEP facilitation with age, suggesting that interindividual variability was more important than age in explaining our data. In a subgroup of 10 subjects we found that iTBS had no effect on the duration of the ipsilateral silent period suggesting that the reduction in contralateral MEPs was not due to an increase in ongoing transcallosal inhibition. In conclusion, iTBS affects the excitability of excitatory synaptic inputs to pyramidal tract neurones that are recruited by a TMS pulse, both in the stimulated hemisphere and in the contralateral hemisphere. However the circuits affected differ from those influenced by the inhibitory, cTBS, protocol. The implication is that cTBS and iTBS may have different therapeutic targets.","Aged; Aged, 80 and over; Biological Clocks; Evoked Potentials, Motor; Female; Humans; Long-Term Potentiation; Male; Middle Aged; Motor Cortex; Neuronal Plasticity; Pyramidal Tracts; Transcranial Magnetic Stimulation",https://pubmed.ncbi.nlm.nih.gov/18566003/
32252538,Stanford Accelerated Intelligent Neuromodulation Therapy for Treatment-Resistant Depression.,The American journal of psychiatry,"Clinical Trial; Journal Article; Research Support, N.I.H., Extramural; Research Support, Non-U.S. Gov't","OBJECTIVE: New antidepressant treatments are needed that are effective, rapid acting, safe, and tolerable. Intermittent theta-burst stimulation (iTBS) is a noninvasive brain stimulation treatment that has been approved by the U.S. Food and Drug Administration for treatment-resistant depression. Recent methodological advances suggest that the current iTBS protocol might be improved through 1) treating patients with multiple sessions per day at optimally spaced intervals, 2) applying a higher overall pulse dose of stimulation, and 3) precision targeting of the left dorsolateral prefrontal cortex (DLPFC) to subgenual anterior cingulate cortex (sgACC) circuit. The authors examined the feasibility, tolerability, and preliminary efficacy of Stanford Accelerated Intelligent Neuromodulation Therapy (SAINT), an accelerated, high-dose resting-state functional connectivity MRI (fcMRI)-guided iTBS protocol for treatment-resistant depression. METHODS: Twenty-two participants with treatment-resistant depression received open-label SAINT. fcMRI was used to individually target the region of the left DLPFC most anticorrelated with sgACC in each participant. Fifty iTBS sessions (1,800 pulses per session, 50-minute intersession interval) were delivered as 10 daily sessions over 5 consecutive days at 90% resting motor threshold (adjusted for cortical depth). Neuropsychological testing was conducted before and after SAINT. RESULTS: One participant withdrew, leaving a sample size of 21. Nineteen of 21 participants (90.5%) met remission criteria (defined as a score <11 on the Montgomery-Åsberg Depression Rating Scale). In the intent-to-treat analysis, 19 of 22 participants (86.4%) met remission criteria. Neuropsychological testing demonstrated no negative cognitive side effects. CONCLUSIONS: SAINT, an accelerated, high-dose, iTBS protocol with fcMRI-guided targeting, was well tolerated and safe. Double-blinded sham-controlled trials are needed to confirm the remission rate observed in this initial study.","Adult; Clinical Protocols; Cognition; Depressive Disorder, Treatment-Resistant; Female; Functional Neuroimaging; Gyrus Cinguli; Humans; Magnetic Resonance Imaging; Male; Monitoring, Physiologic; Neuropsychological Tests; Prefrontal Cortex; Psychiatric Status Rating Scales; Remission Induction; Transcranial Magnetic Stimulation",https://pubmed.ncbi.nlm.nih.gov/32252538/
34711062,Stanford Neuromodulation Therapy (SNT): A Double-Blind Randomized Controlled Trial.,The American journal of psychiatry,"Journal Article; Randomized Controlled Trial; Research Support, Non-U.S. Gov't","OBJECTIVE: Depression is the leading cause of disability worldwide, and half of patients with depression have treatment-resistant depression. Intermittent theta-burst stimulation (iTBS) is approved by the U.S. Food and Drug Administration for the treatment of treatment-resistant depression but is limited by suboptimal efficacy and a 6-week duration. The authors addressed these limitations by developing a neuroscience-informed accelerated iTBS protocol, Stanford neuromodulation therapy (SNT; previously referred to as Stanford accelerated intelligent neuromodulation therapy, or SAINT). This protocol was associated with a remission rate of ∼90% after 5 days of open-label treatment. Here, the authors report the results of a sham-controlled double-blind trial of SNT for treatment-resistant depression. METHODS: Participants with treatment-resistant depression currently experiencing moderate to severe depressive episodes were randomly assigned to receive active or sham SNT. Resting-state functional MRI was used to individually target the region of the left dorsolateral prefrontal cortex most functionally anticorrelated with the subgenual anterior cingulate cortex. The primary outcome was score on the Montgomery-Åsberg Depression Rating Scale (MADRS) 4 weeks after treatment. RESULTS: At the planned interim analysis, 32 participants with treatment-resistant depression had been enrolled, and 29 participants who continued to meet inclusion criteria received either active (N=14) or sham (N=15) SNT. The mean percent reduction from baseline in MADRS score 4 weeks after treatment was 52.5% in the active treatment group and 11.1% in the sham treatment group. CONCLUSIONS: SNT, a high-dose iTBS protocol with functional-connectivity-guided targeting, was more effective than sham stimulation for treatment-resistant depression. Further trials are needed to determine SNT's durability and to compare it with other treatments.","Depressive Disorder, Treatment-Resistant; Double-Blind Method; Gyrus Cinguli; Humans; Prefrontal Cortex; Transcranial Magnetic Stimulation; Treatment Outcome",https://pubmed.ncbi.nlm.nih.gov/34711062/
34133991,Seizure risk with repetitive TMS: Survey results from over a half-million treatment sessions.,Brain stimulation,Journal Article,"BACKGROUND: Seizures are rare during repetitive transcranial magnetic stimulation (rTMS) treatment, but estimating risk is difficult because of study heterogeneity and sampling limitations. Moreover, there are few studies comparing rates between device manufacturers. OBJECTIVE: The objective of this study was to calculate rTMS seizure rates across various FDA-cleared devices in naturalistic clinical settings. METHODS: In July and August 2018, approximately 500 members of the Clinical TMS Society (CTMSS) were electronically surveyed about seizures in their practices. Seizures were distinguished from non-seizures by a remote semi-structured interview with a Board-certified neurologist and Co-Chair of the CTMSS Standards Committee. Exact Poisson calculations were used to estimate seizure rates and confidence intervals across the four most widely used manufacturers. RESULTS: The survey was completed by 134 members, with 9 responses excluded because of data inconsistencies. In total, 18 seizures were reported in 586,656 sessions and 25,526 patients across all device manufacturers. The overall seizure rate was 0.31 (95% CI: 0.18, 0.48) per 10,000 sessions, and 0.71 (95% CI: 0.42, 1.11) per 1000 patients. The Brainsway H-coil seizure rate of 5.56 per 1000 patients (95% CI: 2.77,9.95) was significantly higher (p < 0.001) than the three most widely used figure- 8 coil devices' combined seizure rate of 0.14 per 1000 patients (95% CI: 0.01, 0.51). CONCLUSION: The absolute risk of a seizure with rTMS is low, but generic Brainsway H-coil treatment appears to be associated with a higher relative risk than generic figure- 8 coil treatment. Well-designed prospective studies are warranted to further investigate this risk.",Humans; Prospective Studies; Seizures; Transcranial Magnetic Stimulation,https://pubmed.ncbi.nlm.nih.gov/34133991/
21221011,Safety of theta burst transcranial magnetic stimulation: a systematic review of the literature.,Journal of clinical neurophysiology : official publication of the American Electroencephalographic Society,"Journal Article; Research Support, N.I.H., Extramural; Systematic Review","Theta burst stimulation (TBS) protocols have recently emerged as a method to transiently alter cortical excitability in the human brain through repetitive transcranial magnetic stimulation. TBS involves applying short trains of stimuli at high frequency repeated at intervals of 200 milliseconds. Because repetitive transcranial magnetic stimulation is known to carry a risk of seizures, safety guidelines have been established. TBS has the theoretical potential of conferring an even higher risk of seizure than other repetitive transcranial magnetic stimulation protocols because it delivers high-frequency bursts. In light of the recent report of a seizure induced by TBS, the safety of this new protocol deserves consideration. We performed an English language literature search and reviewed all studies published from May 2004 to December 2009 in which TBS was applied. The adverse events were documented, and crude risk was calculated. The majority of adverse events attributed to TBS were mild and occurred in 5% of subjects. Based on this review, TBS seems to be a safe and efficacious technique. However, given its novelty, it should be applied with caution. Additionally, this review highlights the need for rigorous documentation of adverse events associated with TBS and intensity dosing studies to assess the seizure risk associated with various stimulation parameters (e.g., frequency, intensity, and location).",Cerebral Cortex; Humans; PubMed; Theta Rhythm; Time Factors; Transcranial Magnetic Stimulation,https://pubmed.ncbi.nlm.nih.gov/21221011/
9474057,"Risk and safety of repetitive transcranial magnetic stimulation: report and suggested guidelines from the International Workshop on the Safety of Repetitive Transcranial Magnetic Stimulation, June 5-7, 1996.",Electroencephalography and clinical neurophysiology,Guideline; Journal Article; Practice Guideline,"Single-pulse transcranial magnetic stimulation (TMS) is a safe and useful tool for investigating various aspects of human neurophysiology, particularly corticospinal function, in health and disease. Repetitive TMS (rTMS), however, is a more powerful and potentially dangerous modality, capable of regionally blocking or facilitating cortical processes. Although there is evidence that rTMS is useful for treating clinical depression, and possibly other brain disorders, it had caused 7 known seizures by 1996 and could have other undesirable effects. In June 1996 a workshop was organized to review the available data on the safety of rTMS and to develop guidelines for its safe use. This article summarizes the workshop's deliberations. In addition to issues of risk and safety, it also addresses the principles and applications of rTMS, nomenclature, and potential therapeutic effects of rTMS. The guidelines for the use of rTMS, which are summarized in an appendix, cover the ethical issues, recommended limits on stimulation parameters, monitoring of subjects (both physiologically and neuropsychologically), expertise and function of the rTMS team, medical and psychosocial management of induced seizures, and contra-indications to rTMS.",Brain Diseases; Brain Mapping; Electric Stimulation; Electromagnetic Fields; Humans; Physical Stimulation; Risk Factors; Transcranial Magnetic Stimulation,https://pubmed.ncbi.nlm.nih.gov/9474057/
7683602,Safety of rapid-rate transcranial magnetic stimulation in normal volunteers.,Electroencephalography and clinical neurophysiology,Journal Article,"In 9 normal volunteers, we studied the safety of rapid-rate transcranial magnetic stimulation (rTMS) applied to different scalp positions at various frequencies and intensities. Pure tone threshold audiometry showed temporary threshold shifts in 3 subjects. In the subject stimulated at the highest intensity, rTMS induced a focal, secondarily generalized seizure despite the absence of definite risk factors for seizures. Rapid-rate TMS did not result in any important changes in the neurological examination findings, cognitive performance, electroencephalogram, electrocardiogram, and hormone levels (prolactin, adrenocorticotropic hormone, thyroid-stimulating hormone, luteinizing hormone, and follicle-stimulating hormone). In 10 additional subjects, the electromyographic activity in several contralateral muscles showed that trains of rTMS applied to the motor cortex induced a spread of cortical excitability. The spread of excitability depended on the intensity and frequency of the stimuli and probably constituted an early epileptogenic effect of rTMS. Guidelines for preventing the undesirable side effects of rTMS are offered.","Adult; Audiometry; Brain; Electroencephalography; Electromyography; Female; Gonadotropins, Pituitary; Humans; Male; Memory; Mental Recall; Middle Aged; Muscles; Neuropeptides; Neuropsychological Tests; Reaction Time; Reference Values; Safety; Transcranial Magnetic Stimulation",https://pubmed.ncbi.nlm.nih.gov/7683602/
37738899,Influence of time of day on resting motor threshold in clinical TMS practice.,Clinical neurophysiology : official journal of the International Federation of Clinical Neurophysiology,"Letter; Research Support, Non-U.S. Gov't",,"Humans; Transcranial Magnetic Stimulation; Evoked Potentials, Motor; Male; Motor Cortex; Female; Adult; Time Factors; Middle Aged; Rest",https://pubmed.ncbi.nlm.nih.gov/37738899/
41346487,Chronic caffeine consumption on clinical TMS outcomes: A naturalistic retrospective analysis.,Transcranial magnetic stimulation (2024),Journal Article,"Health and behavioral factors likely influence repetitive transcranial magnetic stimulation (rTMS) effectiveness, though clear support is lacking. Since habitual caffeine use has been found to impair corticomotor plasticity, we hypothesized that clinical benefits may likewise be impaired. We performed a retrospective analysis (n = 179) from the McLean Hospital TMS Clinic to explore the effect of self-reported caffeine use on TMS clinical outcomes. Self-report depression and anxiety scales from caffeine users and non-users were compared with Wilcoxon-rank-sum test and response and remission rates with chi-square; Spearman's was used to correlate correlation caffeine quantity with degree of clinical change. Both groups experienced a significant reduction in depressive symptoms as expected. Contrary to our hypothesis, however, we found no differences between caffeine users and non-users in total symptom reduction or response and remission rates, nor did we find a relationship between caffeine quantity and clinical change. This naturalistic analysis suggests that chronic caffeine consumption does not influence treatment outcomes in clinical rTMS for depression.",,https://pubmed.ncbi.nlm.nih.gov/41346487/
36911138,Chronic caffeine consumption curbs rTMS-induced plasticity.,Frontiers in psychiatry,Journal Article,"BACKGROUND: Caffeine is a widely used psychostimulant. In the brain, caffeine acts as a competitive, non-selective adenosine receptor antagonist of A1 and A2A, both known to modulate long-term potentiation (LTP), the cellular basis of learning and memory. Repetitive transcranial magnetic stimulation (rTMS) is theorized to work through LTP induction and can modulate cortical excitability as measured by motor evoked potentials (MEPs). The acute effects of single caffeine doses diminish rTMS-induced corticomotor plasticity. However, plasticity in chronic daily caffeine users has not been examined. METHOD: We conducted a post hoc secondary covariate analysis from two previously published plasticity-inducing pharmaco-rTMS studies combining 10 Hz rTMS and D-cycloserine (DCS) in twenty healthy subjects. RESULTS: In this hypothesis-generating pilot study, we observed enhanced MEP facilitation in non-caffeine users compared to caffeine users and placebo. CONCLUSION: These preliminary data highlight a need to directly test the effects of caffeine in prospective well-powered studies, because in theory, they suggest that chronic caffeine use could limit learning or plasticity, including rTMS effectiveness.",,https://pubmed.ncbi.nlm.nih.gov/36911138/
34872405,Habitual caffeine consumption moderates the antidepressant effect of dorsomedial intermittent theta-burst transcranial magnetic stimulation.,"Journal of psychopharmacology (Oxford, England)","Journal Article; Randomized Controlled Trial; Research Support, Non-U.S. Gov't","BACKGROUND: Potentiating current antidepressant treatment is much needed. Based on animal studies, caffeine may augment the effects of currently available antidepressants. OBJECTIVE: Here, we tested whether habitual caffeine consumption moderates the antidepressant effects of repetitive transcranial magnetic stimulation (rTMS) using intermittent theta-burst stimulation (iTBS). METHODS: Forty patients with current depressive episodes were randomized to active iTBS ( n = 19) or sham treatment ( n = 21; shielded side of the coil and weak transcutaneous electrical stimulation) delivered two times per day for 10-15 weekdays. Neuronavigated stimulation was applied to the dorsomedial prefrontal cortex. Symptom improvement was measured using change in self-reported Montgomery-Åsberg Depression Rating Scale (MADRS) scores. Pretreatment habitual caffeine consumption was quantified using self-reports of number of cups of coffee and energy drinks consumed the 2 days before the treatment starts. RESULTS: Habitual caffeine consumption was associated with symptom improvement following active iTBS ( r = 0.51, 95% confidence interval (CI): 0.08-0.78, p = 0.025) but not following sham treatment ( r = -0.02, 95% CI: -0.45 to 0.42, p = 0.938). A multiple regression analysis corroborated the findings by showing a significant caffeine consumption × treatment group interaction (β = 0.62, p = 0.043), but no main effects of treatment group (β = 0.22, p = 0.140) or caffeine consumption (β = -0.01, p = 0.948). No group differences in pretreatment symptom scores or caffeine consumption were detected ( p values > 0.86). CONCLUSION: Habitual caffeine consumption moderated the antidepressant effect of dorsomedial iTBS, consistent with caffeine improving antidepressant pharmacological treatments in animals. Caffeine is an antagonist of adenosine receptors and may enhance antidepressant effects through downstream dopaminergic targets.","Adolescent; Adult; Caffeine; Coffee; Combined Modality Therapy; Depressive Disorder; Double-Blind Method; Drinking Behavior; Energy Drinks; Female; Humans; Male; Middle Aged; Outcome Assessment, Health Care; Prefrontal Cortex; Purinergic P1 Receptor Antagonists; Transcranial Magnetic Stimulation; Young Adult",https://pubmed.ncbi.nlm.nih.gov/34872405/
38299320,Do benzodiazepines reduce the efficacy of transcranial magnetic stimulation?,Australasian psychiatry : bulletin of Royal Australian and New Zealand College of Psychiatrists,"Journal Article; Research Support, Non-U.S. Gov't","OBJECTIVE: To investigate the effect of concomitant use of benzodiazepines on the efficacy of repetitive transcranial magnetic stimulation (rTMS) in patients with treatment-resistant major depressive disorder (TR-MDD). METHODS: This is a retrospective study comparing rTMS treatment outcomes between patients taking benzodiazepines ( n = 59) and those who were not ( n = 136). Participants completed the HAM-A, HAM-D17, MADRS and ZUNG at baseline and at the end of treatment. RESULTS: Patients taking benzodiazepines during rTMS treatment did not show any difference in partial response, response or remission rates compared to patients not treated with benzodiazepines. There was a significant decrease ( p < .0001) in depression and anxiety scores from baseline to post-treatment among both groups. CONCLUSIONS: Concomitant benzodiazepine treatment had no effect on the efficacy of rTMS treatment of TRD, contrary to previous research.","Humans; Transcranial Magnetic Stimulation; Benzodiazepines; Male; Female; Major Depressive Disorder; Adult; Retrospective Studies; Middle Aged; Depressive Disorder, Treatment-Resistant; Treatment Outcome; Combined Modality Therapy",https://pubmed.ncbi.nlm.nih.gov/38299320/
32008395,Caution When Continuing Benzodiazepines During rTMS: Response to Hunter and Leuchter.,The American journal of psychiatry,Letter; Comment,,Benzodiazepines; Major Depressive Disorder; Humans; Prefrontal Cortex; Transcranial Magnetic Stimulation,https://pubmed.ncbi.nlm.nih.gov/32008395/
31368628,Therapeutic High-Frequency Repetitive Transcranial Magnetic Stimulation Concurrently Improves Mood and Anxiety in Patients Using Benzodiazepines.,Neuromodulation : journal of the International Neuromodulation Society,Journal Article,"OBJECTIVES/HYPOTHESIS: In this study, we tested the use of repetitive transcranial magnetic stimulation (rTMS) to reduce depression and anxiety in patients using or not using benzodiazepines. We hypothesized that rTMS would concurrently reduce symptoms in both depression and anxiety and that these reductions would correlate with patients using benzodiazepines. MATERIALS AND METHODS: This retrospective study screened for patients treated in a TMS clinic within a five-year period. Each patient had received high-frequency (10 or 20 Hz) rTMS over the left dorsolateral prefrontal cortex and completed pre- and posttreatment Beck Depression Inventory and Visual Analog Scale-Anxiety ratings. Fifty-eight patients (37 women) met these criteria and 37 (63.8%) took benzodiazepines. We used two mixed analysis of variance analyses to separately evaluate the effects of rTMS on depression and anxiety. We additionally directly evaluated the relationship between reductions in depression and anxiety by computing three linear correlations (all patients, benzodiazepine users, nonbenzodiazepine users). RESULTS: rTMS was an effective treatment of depression for all patients (p < 0.001). rTMS also reduced anxiety scores from pre- to posttreatment (p = 0.002). Furthermore, reductions in depression and anxiety were correlated (p = 0.002). These changes in depression and anxiety only correlated with benzodiazepine users (p < 0.001) and not nonbenzodiazepine users (p = 0.608). CONCLUSIONS: rTMS concurrently improved both depression and anxiety, and changes in these measures correlated with patients using benzodiazepines. With further investigation, rTMS may be a helpful treatment for both anxiety and depression simultaneously.","Adolescent; Adult; Affect; Aged; Aged, 80 and over; Antidepressive Agents; Anxiety; Benzodiazepines; Combined Modality Therapy; Depression; Female; Humans; Male; Middle Aged; Retrospective Studies; Transcranial Magnetic Stimulation; Treatment Outcome; Young Adult",https://pubmed.ncbi.nlm.nih.gov/31368628/
32289680,Reliability of targeting methods in TMS for depression: Beam F3 vs. 5.5 cm.,Brain stimulation,"Comparative Study; Journal Article; Research Support, N.I.H., Extramural; Research Support, Non-U.S. Gov't","BACKGROUND: No consensus exists in the clinical transcranial magnetic stimulation (TMS) field as to the best method for targeting the left dorsolateral prefrontal cortex (DLPFC) for depression treatment. Two common targeting methods are the Beam F3 method and the 5.5 cm rule. OBJECTIVE: Evaluate the anatomical reliability of technician-identified DLPFC targets and obtain consensus average brain and scalp MNI152 coordinates. METHODS: Three trained TMS technicians performed repeated targeting using both the Beam F3 method and 5.5 cm rule in ten healthy subjects (n = 162). Average target locations were plotted on 7T structural MRIs to compare inter- and intra-rater reliability, respectively. RESULTS: (1) Beam F3 inter- and intra-rater reliability was superior to 5.5 cm targeting (p = 0.0005 and 0.0035). (2) The average Beam F3 location was 2.6±1.0 cm anterolateral to the 5.5 cm method. CONCLUSIONS: Beam F3 targeting demonstrates greater precision and reliability than the 5.5 cm method and identifies a different anatomical target.",Adult; Depression; Female; Humans; Magnetic Resonance Imaging; Male; Prefrontal Cortex; Reproducibility of Results; Transcranial Magnetic Stimulation,https://pubmed.ncbi.nlm.nih.gov/32289680/
37714408,A randomized trial comparing beam F3 and 5.5 cm targeting in rTMS treatment of depression demonstrates similar effectiveness.,Brain stimulation,"Randomized Controlled Trial; Journal Article; Research Support, Non-U.S. Gov't; Research Support, N.I.H., Extramural","BACKGROUND: The Beam F3 and 5.5 cm methods are the two most common targeting strategies for localizing the left dorsolateral prefrontal cortex (DLPFC) treatment site in repetitive transcranial magnetic stimulation (rTMS) protocols. This prospective, randomized, double-blind comparative effectiveness trial assesses the clinical outcomes for these two methods in a naturalistic sample of patients with major depressive disorder (MDD) undergoing clinical rTMS treatment. METHODS: 105 adult patients with MDD (mean age = 43.2; range = 18-73; 66% female) were randomized to receive rTMS to the Beam F3 (n = 58) or 5.5 cm (n = 47) target. Between group differences from pre-to post-treatment were evaluated with the Patient Health Questionnaire-9 (PHQ-9) [primary outcome measure], Generalized Anxiety Disorder-7 (GAD-7), and clinician-administered Montgomery-Åsberg Depression Scale (MADRS). Primary treatment endpoint was completion of daily treatment series. RESULTS: Per-protocol analyses showed no statistically significant differences on any measure between the 5.5 cm and F3 groups (all p ≥ 0.50), including percent improvement (PHQ-9: 39% vs. 39%; GAD-7: 34% vs. 27%; MADRS: 40% vs. 38%), response rate (PHQ-9: 37% vs. 43%; GAD-7: 27% vs. 30%; MADRS: 43% vs. 43%), and remission rate (PHQ-9: 22% vs. 21%; MADRS: 20% vs. 19%). Post hoc analysis of anxiety symptom change while controlling for depression severity suggested more favorable anxiolytic effects with 5.5 cm targeting (p = 0.03). CONCLUSIONS: Similar antidepressant effects were observed with DLFPC rTMS using either the Beam F3 or 5.5 cm targeting method, supporting clinical equipoise in MDD patients with head circumference ≤ 60 cm. Comparison to MRI-based targeting and differential effects on anxiety symptoms require further investigation. TRIAL REGISTRATION: ClinicalTrials.gov identifier: NCT03378570.",Adult; Humans; Female; Male; Transcranial Magnetic Stimulation; Major Depressive Disorder; Depression; Prospective Studies; Prefrontal Cortex; Treatment Outcome,https://pubmed.ncbi.nlm.nih.gov/37714408/
42082007,'RMT-Finder': An automated procedure to determine the Resting Motor Threshold for Transcranial Magnetic Stimulation.,Journal of neuroscience methods,Journal Article,"BACKGROUND: Transcranial Magnetic Stimulation (TMS) studies identify the Resting Motor Threshold (RMT) to calibrate stimulation intensity. However, this procedure is time-consuming and subject to variability. We developed an automated procedure to improve the efficiency and standardization of RMT determination. NEW METHOD: We developed an algorithm that measures MEP amplitudes and automatically adjusts stimulation intensity to determine the RMT. Experiment 1 compared this automated method with the manual procedure in terms of reliability and equivalence. Experiment 2 developed a ""Fast"" automated process, assessing it against both the manual and initial automated procedures. RESULTS: Across both experiments the automated approach demonstrated excellent test-retest reliability and strong agreement with the manual method (Intraclass Correlation Coefficients ≥0.95), giving estimates of RMT statistically equivalent to those of manual measurements within ±3% MSO, with the majority of comparisons within ±2% MSO. Experiment 2 optimized the procedure, allowing empirical determination of the RMT in an average of < 3 min with only 33-34 pulses. COMPARISON WITH EXISTING METHODS: 'RMT-Finder' provides a reliable and time-efficient alternative to manual approaches. This procedure can improve standardization and reproducibility in TMS studies. CONCLUSIONS: Automating RMT assessment allows rapid and highly reproducible assessment of this standard TMS measurement, making it viable for inclusion in routine clinical applications that require standardized procedures.",,https://pubmed.ncbi.nlm.nih.gov/42082007/
41949547,"Comparison of 4 Methods to Estimate the Resting Motor Threshold Using Transcranial Magnetic Stimulation: Rossini-Rothwell, 2-Threshold, Adaptive Threshold Hunting, and Stimulus-Response Curve Approaches.",The journal of ECT,Journal Article,"BACKGROUND: Estimating the resting motor threshold (RMT) is crucial for both investigative and therapeutic transcranial magnetic stimulation. However, no gold standard exists, as each method involves trade-offs between accuracy, time, and ease of use. This study compared RMT estimates and trial requirements across 4 EMG-based methods-Rossini-Rothwell (RR), maximum likelihood parameter estimation by sequential testing (ML-PEST), Mills-Nithi (MN), supervised parametric estimation (SPE)-and 2 visual methods: RR visual and ML-PEST visual. METHODS: In this observational study, RMT was estimated in 20 healthy participants using 6 approaches: 4 EMG-based (RR, ML-PEST, MN, SPE) and 2 visual (RR and ML-PEST). We assessed agreement among EMG-based methods and compared RMT estimates and trial counts across all methods. RESULTS: EMG-based methods showed strong agreement (ICC: 0.97, 95% CI: 0.94-0.99). RMT estimates differed significantly (P=0.001), with RR Visual yielding the highest values-significantly higher than RR EMG, ML-PEST EMG, and SPE EMG methods. Trial counts also varied (P<0.001), with ML-PEST requiring the fewest. In subgroup analysis, RR Visual and ML-PEST Visual produced similar RMTs, but ML-PEST Visual needed fewer trials. CONCLUSIONS: Adaptive threshold-hunting methods like ML-PEST offer efficient and accurate RMT estimation while reducing the number of required trials, supporting their use in both clinical and research applications.",,https://pubmed.ncbi.nlm.nih.gov/41949547/
11332408,A safety screening questionnaire for transcranial magnetic stimulation.,Clinical neurophysiology : official journal of the International Federation of Clinical Neurophysiology,Letter,,"Adult; Brain; Diagnostic Techniques, Neurological; Equipment Safety; Humans; Surveys and Questionnaires; Transcranial Magnetic Stimulation",https://pubmed.ncbi.nlm.nih.gov/11332408/
41478613,Temporal variation of brain hemodynamics with accelerated iTBS for depression: A single-case concurrent TMS/fNIRS study.,Brain stimulation,Letter,,,https://pubmed.ncbi.nlm.nih.gov/41478613/
42055949,"Functional near-infrared spectroscopy assessment of the effects of transcranial direct current stimulation combined with transcranial magnetic stimulation on dynamic functional networks in patients with chronic insomnia: randomised, double-blind, parallel-group, controlled clinical trial.",BMJ mental health,Journal Article; Randomized Controlled Trial,"BACKGROUND: Evidence suggests that transcranial direct current stimulation (tDCS) combined with repetitive transcranial magnetic stimulation (rTMS) is more effective than either modality alone. However, the underlying neural mechanisms remain unclear. OBJECTIVE: To explore the effects of combined tDCS-rTMS on cortical functional networks and neural regulation processes in chronic insomnia. METHODS: In this randomised, double-blind, sham-controlled trial, 111 adults with chronic insomnia were allocated to real tDCS+real rTMS or sham tDCS+real rTMS. Participants received 20 weekday sessions over 4 weeks. Of these, 106 completed treatment and 103 provided functional near-infrared spectroscopy (fNIRS) data meeting predefined quality criteria. fNIRS measured oxygenated haemoglobin (Oxy-Hb) responses in prefrontal and temporal regions during a verbal fluency task (VFT) before and after treatment. The primary outcome was haemodynamic activation; secondary outcomes were functional connectivity and sleep quality. FINDINGS: Sleep quality improved in both groups, with significantly greater reduction in Pittsburgh Sleep Quality Index (PSQI) scores in the real tDCS+real rTMS group (p<0.05). No between-group differences were observed in VFT performance. However, the combined stimulation group showed significantly increased Oxy-Hb responses across multiple fronto-temporal channels, particularly in bilateral temporal regions, and greater enhancement in mean functional connectivity (p<0.05). Both interventions were well tolerated, with no serious adverse events. CONCLUSIONS: This study provides neuroimaging evidence that combined tDCS and rTMS may improve chronic insomnia by enhancing activation of fronto-temporal cortices and strengthening inter-regional functional connectivity. These findings offer objective support for the clinical efficacy of the combined stimulation protocol, link neurophysiological changes to treatment optimisation and suggest potential advantages of this approach for neuromodulation-based therapeutic strategies. CLINICAL IMPLICATIONS: These findings suggest that tDCS combined with rTMS may represent a feasible and well tolerated non-pharmacological strategy for chronic insomnia, with potential advantages over rTMS alone at both clinical and neurophysiological levels. TRIAL REGISTRATION NUMBER: This study was registered as a clinical trial with the China Clinical Trial Registration Centre (ChiCTR2100052681).","Humans; Double-Blind Method; Transcranial Direct Current Stimulation; Spectroscopy, Near-Infrared; Sleep Initiation and Maintenance Disorders; Male; Female; Transcranial Magnetic Stimulation; Adult; Middle Aged; Combined Modality Therapy; Prefrontal Cortex; Treatment Outcome",https://pubmed.ncbi.nlm.nih.gov/42055949/
42055012,Effective correction of extreme capacitive artifacts in TMS-EEG via windowed detrending.,Journal of neural engineering,Journal Article,"Objective. transcranial magnetic stimulation (TMS) combined with electroencephalography enables non-invasive assessment of cortical excitability and connectivity through TMS-evoked potentials (TEPs), but it is highly susceptible to artifacts that can obscure genuine neural activity. Among these, capacitive artifacts at the electrode-scalp interface are particularly challenging as they can dominate the post-stimulus signal with sharp voltage deflections and long-lasting drifts. This study evaluated the effectiveness of windowed detrending methods for correcting capacitive artifacts, especially when online hardware mitigation is insufficient. Approach. we systematically compared non-windowed detrending models against windowed approaches that separately model the rise (charging) and decay (discharging) phases of the artifact. We applied these methods to multiple datasets acquired across two centers using different hardware configurations. Performance was benchmarked against a cleaning strategy based on independent component analysis (ICA), spanning mild to extreme capacitive artifact conditions. Main results. ICA effectively corrected mild artifacts but was inadequate in moderate-to-severe cases, often suppressing physiological components or leaving substantial residual contamination. In contrast, model-based detrending, particularly windowed methods, robustly corrected extreme artifacts. Temporal segmentation improved parameter estimation and removal of nonlinear trends. Among the tested methods, windowed polynomial detrending showed a slight advantage, likely due to its greater flexibility in capturing complex artifact shapes. Significance. although optimal TMS-compatible hardware and rigorous online prevention remain essential, windowed detrending provides a robust offline correction strategy when severe capacitive artifacts persist. This approach improves data quality and supports more reliable interpretation of TEPs in studies where ideal acquisition conditions cannot be fully achieved.","Artifacts; Transcranial Magnetic Stimulation; Electroencephalography; Humans; Male; Adult; Female; Electric Capacitance; Evoked Potentials, Motor",https://pubmed.ncbi.nlm.nih.gov/42055012/
41344323,Frontoparietal network mediates the antidepressant effects of accelerated iTBS and cTBS: TMS-EEG study.,Cell reports. Medicine,Journal Article,"Accelerated intermittent and continuous theta burst stimulation (a-iTBS and a-cTBS) show strong efficacy for treatment-resistant depression (TRD), yet their neural mechanisms remain unclear. This study uses concurrent transcranial magnetic stimulation (TMS) and electroencephalography (TMS-EEG) to examine these mechanisms in 40 TRD patients and 40 healthy controls (HCs). TRD individuals demonstrate abnormal local cortical excitability at baseline, characterized by left hypoactivity and right disinhibition. A-iTBS increases left excitability, and a-cTBS increases right inhibition, and both normalize it to the level of HCs. Network analyses reveal that a-iTBS improves current propagation to the left inferior parietal lobule (IPL), correlating with a better antidepressant effect. Contrastingly, a-cTBS induces a widespread inhibition as indicated by current propagation over parietal cortices, with the left IPL being most prominent, and this also correlates with a better antidepressant effect. These findings outline the frontoparietal circuitry in TMS antidepressant effects and provide insights for optimizing treatment efficacy. This study was registered at the Chinese Clinical Trial Registry (ChiCTR2200055320).","Humans; Transcranial Magnetic Stimulation; Male; Female; Electroencephalography; Parietal Lobe; Adult; Middle Aged; Frontal Lobe; Antidepressive Agents; Depressive Disorder, Treatment-Resistant; Nerve Net",https://pubmed.ncbi.nlm.nih.gov/41344323/
42066923,Exploratory decoding of TMS-EEG: Predicting TEP response to intermittent and continuous theta burst stimulation.,NeuroImage,Journal Article; Randomized Controlled Trial,"Theta burst stimulation (TBS) is a promising form of repetitive transcranial magnetic stimulation (rTMS) capable of modulating cortical excitability and intracortical processes, offering therapeutic potential for neurological and psychiatric disorders. However, clinical translation remains limited by high inter-subject and inter-session variability in stimulation effects. To more directly capture cortical responses, there is increased interest in combining TMS with electroencephalography (EEG) to assess TMS-evoked potentials (TEPs) before and after stimulation. As an individual's neurophysiological state influences stimulation outcomes, this study explores whether pre-stimulation resting-state EEG can predict changes in TEP component amplitudes following intermittent (iTBS) and continuous (cTBS) protocols applied to the left primary motor cortex, using data from fifteen healthy male participants in a randomized, single-blind crossover design. Linear (Lasso regression) and nonlinear (CatBoost regression) models were designed to predict changes in six TEP components (N15, P30, N45, P60, N100, P180). Both models consistently achieved lower mean absolute errors than the random guessing baseline, demonstrating their ability to capture meaningful predictive patterns in cortical responses. The best performing model varied by TEP component and TBS protocol. Incorporating feature deltas (post- vs. pre-stimulation feature difference) did not significantly enhance predictive performance. Feature importance analysis revealed the predictive value of spectral power and connectivity measures. For instance, connectivity between the stimulation site and frontal/parietal regions, together with oscillatory power in frontal and motor areas, often emerged as the top predictors. Given the limited sample size, these findings should be interpreted as exploratory and hypothesis-generating, requiring validation in larger and independent cohorts. The study establishes a framework for predicting individual TEP responses to TBS using machine learning, paving the way for personalized neuromodulation.","Humans; Transcranial Magnetic Stimulation; Male; Electroencephalography; Adult; Motor Cortex; Young Adult; Theta Rhythm; Single-Blind Method; Cross-Over Studies; Evoked Potentials; Evoked Potentials, Motor",https://pubmed.ncbi.nlm.nih.gov/42066923/
41483580,EEG biomarkers for a precision-medicine approach to noninvasive brain stimulation for major depressive disorder.,Psychiatry research. Neuroimaging,Journal Article; Systematic Review; Review,"Major depressive disorder (MDD) is a prevalent and disabling condition with high rates of treatment resistance. Non-invasive brain stimulation (NIBS), including transcranial magnetic stimulation (TMS) and transcranial electrical stimulation (tES), has emerged as a promising option for individuals unresponsive to pharmacotherapy. However, many patients still fail to achieve meaningful improvement, underscoring the need for reliable biomarkers of treatment response. Electroencephalography (EEG) and combined TMS-EEG are increasingly explored as predictive tools because they index cortical excitability, connectivity and neuroplasticity. In this systematic review, we synthesize evidence from 18 high-quality studies evaluating EEG and TMS-EEG biomarkers of NIBS outcomes in MDD. Resting-state EEG studies highlight the relevance of spectral power alterations, frontal alpha asymmetry and connectivity measures, whereas TMS-EEG work emphasizes TMS-evoked potentials, particularly N100 and N45 components, in forecasting clinical response. Although results are encouraging, methodological heterogeneity, modest sample sizes and divergent stimulation protocols limit immediate clinical implementation. Nonetheless, converging findings indicate that pre-treatment EEG and TMS-EEG assessments can support a precision-medicine approach by informing target selection and stimulation parameters. Systematic integration of these neurophysiological markers could enhance personalization of NIBS, increase response rates and advance the development of mechanism-based interventions for depression across diverse patient profiles and clinical settings worldwide.",Humans; Major Depressive Disorder; Transcranial Magnetic Stimulation; Electroencephalography; Precision Medicine; Biomarkers,https://pubmed.ncbi.nlm.nih.gov/41483580/
